tot_income,tot_expenditure,education_expenditure
128482,44776,0
91750,52603,425
76440,35499,0
271671,154431,1595
713785,88713,46000
77519,55211,300
110650,67226,900
884124,137662,24000
167752,105575,530
257148,55340,1620
314919,164980,10150
253620,80621,0
535011,111989,2660
364283,178152,8120
87071,19618,0
100971,55270,2675
222122,84914,350
57641,20986,0
417264,152479,3215
73349,46761,0
1032419,133165,0
210147,79908,0
552968,113673,1580
59145,44180,830
319898,137068,560
352434,112297,37480
166886,123288,16630
273504,69938,101500
1145046,271102,1450
675222,183404,260
242880,128132,560
209775,95394,600
1385000,91594,0
194006,53230,0
248843,118821,2185
130653,69979,23620
239486,79832,1900
109764,55981,7596
332951,139980,16981
200264,70729,3160
110884,49117,0
175808,87845,649
204132,71763,5750
114865,70189,2326
102077,60038,0
106385,60395,0
87921,54863,1250
97390,51003,0
199690,56900,24382
144909,49790,279
217425,72276,700
233498,81422,2000
518496,125006,51000
223149,91272,11510
270460,149737,3629
176410,66256,0
107767,32895,0
115058,63048,0
194190,61951,0
70997,49280,0
59196,27559,325
67130,27815,0
152075,97776,850
113020,88701,3250
568694,226740,10100
245272,92014,510
89151,71119,2130
76613,52164,1130
110740,56753,0
125818,70112,7325
541330,88004,1300
114954,69050,0
502427,104102,17541
85955,53881,0
372381,62881,10530
54392,42001,0
216324,112105,7250
258680,104068,19840
479132,181652,23000
123091,59776,1260
157652,69745,2888
92604,40371,380
109760,55613,950
188163,76141,25690
136952,98493,5250
132920,66544,35480
100427,53697,5800
378795,102029,8280
303390,209259,0
191600,105729,31050
269480,128204,2235
313980,150087,220
107311,37920,200
68098,52809,900
168049,111056,2400
100224,46368,0
170305,81425,900
74066,41916,0
1486257,342921,200100
118193,53560,0
535726,88704,0
395370,83166,0
121806,43401,2185
230915,89004,19140
199913,79870,950
66721,25270,0
171274,120082,14450
334049,61189,13030
70843,35478,0
580205,87185,30350
152046,90866,300
892601,252392,19362
60305,33140,1150
126430,59853,0
279932,124758,0
116466,37507,0
69504,31979,0
550932,98017,89480
252669,52350,35000
20718,13178,0
313970,186310,1000
559389,131200,1095
114875,57717,500
110096,41068,0
207640,76075,0
517777,192721,132370
308855,67604,0
61740,32870,0
483215,150380,150
272745,69128,0
124420,95234,1351
322650,82039,1880
169755,110405,14800
1010048,198077,50400
235428,131753,1370
139487,128968,1392
178106,96212,608
46297,21560,0
103953,74252,9725
496938,110909,131900
82619,37443,0
625296,92577,56100
740572,193085,97600
504038,160840,25750
145907,72078,1700
93798,28555,0
93115,78925,920
77397,24448,0
336640,142557,46550
113736,38635,0
85200,58159,0
127083,45175,21650
203530,92335,18580
296445,123461,6250
194240,97530,0
63102,17951,0
107196,63566,1337
34588,12905,0
71682,58552,330
262235,99087,1464
100658,52374,0
211628,99842,22880
148630,97146,1650
205045,117777,1580
125734,73976,1794
124714,69058,400
69847,28864,0
390344,168860,0
388675,140580,610
246668,165285,4950
106793,78477,500
178488,81983,0
177205,49264,7400
146015,54747,660
284960,128784,46000
331554,129789,3810
67135,30990,0
225585,78853,0
144472,73146,667
89485,70496,800
337507,80818,600
348984,183496,800
173508,42721,6800
97326,60269,710
95476,28696,0
255202,26475,0
599754,86242,0
94600,68330,1277
104815,25112,0
988656,261533,27620
94038,48239,1000
347600,64214,0
77440,57067,1160
397503,120989,3200
96763,70613,0
206995,80880,2829
123031,51602,2305
81435,27526,0
371724,142330,3110
141291,105160,590
283568,54295,0
160223,83275,620
142720,67900,423
217386,85511,0
180097,68114,1341
964156,160887,0
620014,146919,99500
277618,168906,1200
69337,39917,1800
218643,56584,150
250805,114950,770
93875,49758,2390
56384,35185,0
259563,104180,0
140520,51067,0
377964,118519,2270
316579,181149,100
618600,200988,144760
107176,77238,1580
421068,114098,3820
342989,109247,870
155097,86912,2190
68338,31093,0
63700,34605,0
24559,9348,0
553227,109010,380
147120,21405,0
123055,57809,0
60774,79530,2600
187580,88661,10650
151685,69552,3550
391604,105447,32981
71256,39433,979
165918,59679,0
115498,45709,820
138608,117582,18850
115176,68937,1068
350480,23850,0
203935,67522,0
144565,21617,55400
131608,86060,0
53410,24760,50
167485,86612,300
592300,86504,30418
321263,78060,18090
45273,27841,0
140673,87677,1200
159782,43962,0
204811,103929,1780
1100552,179461,0
287345,65020,0
184940,74429,760
383083,99633,17480
118414,36899,0
520869,126378,31000
675792,109955,3100
307692,115691,2000
198001,62205,0
403826,178053,83100
782126,176758,0
119433,43955,150
46770,43207,0
138653,96318,1080
142625,46800,1680
168920,81823,35920
854006,137184,0
138140,76846,550
127085,52480,500
215905,119442,1800
51755,37082,0
78874,57693,780
170588,65520,3000
141336,54883,0
162213,62730,0
99605,64035,2150
103784,27316,240
231663,102002,33920
120856,63137,450
367130,74297,18530
147456,107085,10770
313630,200954,18520
1276052,272493,24599
240600,51425,0
65308,41943,0
445596,125739,0
261820,93558,1750
128811,62171,1710
163694,97425,0
134030,60408,0
1563762,230982,29500
270904,126500,800
120155,48119,200
371606,129017,0
112113,78029,10900
252360,129460,700
183495,50144,9000
236568,101311,23720
118830,76303,611
183460,66871,1420
466431,144500,0
163768,94532,3570
118743,72990,7710
147365,48134,1340
175206,65269,1595
71314,37068,0
1322828,258014,52300
624971,98404,1550
166898,90834,0
81228,54975,0
310893,117992,7800
132669,78001,180
1302088,170681,0
238115,129827,3182
3790612,353805,0
31852,24782,0
191092,82154,1750
394582,116740,46245
91028,53277,0
143150,26179,0
44977,26844,0
99412,63842,1680
112470,61148,2080
136485,58435,350
529340,238434,3780
122484,63345,1305
655596,218507,61600
282180,73804,20240
106456,40448,5000
52210,39608,0
93082,48328,120
1691518,235191,276500
170306,49336,0
62745,30356,0
230784,92798,3711
702600,74079,0
276380,117671,850
772850,195230,0
74879,44980,0
168533,92016,1034
159055,70580,0
168317,58569,0
128234,77760,22400
85890,52436,0
98020,54745,0
286071,79415,15000
154990,68961,860
148800,80954,350
155462,41981,140
1127724,233583,17200
911698,177225,0
187900,80680,24040
47247,39691,770
299302,91963,1900
128372,49412,11910
309728,122717,600
254000,57150,0
77635,39704,0
309200,72050,660
211777,98895,1000
310690,76665,0
152811,68786,2650
448277,145259,113880
647333,61255,0
387094,116725,10050
495701,98302,590
279072,120181,18000
520233,135107,0
220977,98401,209
70513,28241,0
207878,132733,14600
1601823,155339,731000
268773,84662,1855
80541,52280,0
247442,113134,4400
43574,21576,0
181059,79536,30210
82724,61078,600
341987,108940,15050
157415,95002,23400
191879,52539,15570
104623,27659,0
49653,25938,0
144092,71346,360
77229,36373,0
76789,65217,950
113010,58866,1300
721702,150725,0
249205,72129,0
53390,35563,0
202800,131880,650
145961,68114,1480
159221,73992,1848
153195,48842,0
213050,82438,0
139104,92123,11173
458464,95784,9032
118041,64267,1950
141413,60769,0
344591,132346,6300
318366,96031,1910
166640,45688,0
82731,54846,2590
282352,68804,1020
61393,32477,0
651176,158395,37500
89102,65461,790
16238,10760,0
425790,109189,13005
250956,74923,65400
238485,86527,0
156905,52183,1360
217808,78384,700
291254,67397,48050
159046,35644,0
466000,95390,26790
356115,225680,40
264000,75573,150
264445,128938,1720
515153,74232,0
298548,79215,4130
269883,151068,3105
58800,42554,400
163400,88741,950
185676,69562,0
127881,56595,728
97666,40531,1750
53425,29908,0
168018,70228,0
941300,312718,20500
416063,73068,0
94521,49511,1420
809446,118602,1100
212849,52807,16950
107677,14296,0
239232,173638,0
127654,76860,860
278455,67307,2103
143368,100732,450
108733,67977,0
114623,46243,0
169018,95815,7015
87444,33698,0
632350,246892,15860
1318590,378369,82500
447484,152559,2730
61760,23545,0
527620,72361,113750
256520,118475,980
54081,27373,1140
106942,61538,0
80568,22662,600
328908,96123,23300
206095,97629,3950
93568,58501,1780
224385,64379,0
85394,47190,0
249781,79397,4220
181968,72930,0
113259,41008,750
572190,181008,81000
92906,28739,0
238020,126036,14066
119556,62987,520
326941,94790,18800
105030,50777,925
100259,81883,190
457196,230336,6858
185880,92054,1500
69476,25308,0
103110,21209,2510
25075,15220,0
176270,52826,0
108975,78718,100
162684,107416,365
292178,72914,0
498400,156423,56400
369133,174261,8000
126200,61214,1600
555190,133173,0
902196,171553,149000
182769,54654,19700
137144,77768,5245
37383,62516,1120
185893,86856,650
286991,201671,400
143659,94006,10220
167000,100909,300
198105,110814,980
80900,35826,0
301044,122041,0
192922,114258,17600
107731,74007,260
55628,37664,410
221085,134192,18000
92065,48943,20180
151879,78217,17340
195725,93235,500
157090,97622,619
82417,26137,0
94835,71347,1430
689560,183607,196000
226241,68581,300
84117,54682,1170
442700,110412,51699
625096,177424,0
212310,74147,30000
554820,157408,3320
89725,37006,0
114775,45347,0
156613,62758,2400
276470,138706,1120
113922,68508,2800
308994,141734,0
272884,101546,15640
86900,47717,0
270585,125470,2705
75323,38428,200
68420,41187,1160
186505,104483,1590
139005,88898,100
129915,42728,0
98363,55950,915
132111,58016,0
183205,70978,0
56733,20101,0
313106,179348,22300
261082,93750,0
381924,136306,0
82725,41659,330
149384,47559,45320
236618,71542,1680
139200,76454,740
81440,47507,1400
74924,34059,0
93019,66567,1160
413346,162021,750
268800,45597,3000
780429,241165,114800
170226,93791,2500
58551,36856,1470
1144088,261487,21750
166408,96123,0
106522,75963,5092
420625,154402,15250
295172,128254,0
210316,131270,600
152160,87604,19000
80845,46873,0
191270,111773,1480
119312,25750,0
286368,78627,1050
165051,117187,3700
281227,87038,5300
51752,50659,0
100485,54677,820
111276,133833,75
163721,69687,1200
70984,41643,540
1115381,260947,167017
46997,20822,0
73073,43782,6820
114129,87341,600
678346,227470,34850
374310,111836,44250
79461,69092,2350
109620,82526,1360
127380,42322,0
62879,40523,0
499684,130117,1280
406934,112771,1465
153523,91652,1045
310484,122025,34167
140936,57327,7840
832800,178662,3020
65521,62295,1100
163065,79309,0
69079,43179,329
2057796,330791,20700
74078,17067,0
242145,89925,6600
255160,105128,0
175734,119388,2069
49546,51304,1360
163401,74908,3865
94613,29558,24000
55760,28224,0
175012,75329,8584
209448,89454,12675
152465,60954,1770
174400,66718,0
113244,116020,709
91345,57268,1600
130336,71239,1870
71708,36379,1000
93705,35878,1250
120623,61729,2130
414324,150505,28000
324792,159912,24268
134735,43406,0
174559,65802,0
91635,66275,0
110781,49215,875
143643,59691,3650
104003,30762,12050
498488,113856,13000
108615,55137,17750
103690,36840,0
798653,227109,84800
182897,88385,580
317565,78820,8600
56538,27580,250
83500,64109,0
480178,97417,28020
101194,91873,60
84900,52017,1400
141940,69383,1040
156582,73289,1220
224200,126542,1054
124493,73336,3300
260623,117018,4270
523776,236080,1920
300159,96554,15090
166157,36125,0
317894,140918,3296
85342,56782,1520
54073,32069,0
191142,98228,0
86194,48461,370
276460,82952,14300
73238,40822,0
92564,53652,2150
44296,36150,0
29221,15136,0
59486,44400,0
676560,230443,77050
133328,85268,690
297366,103494,0
579188,83129,0
48031,37201,800
137021,67381,1300
204146,149824,950
457484,153182,0
72559,38184,1010
217610,74592,1550
204800,81427,2325
119760,27825,0
83715,51198,1700
87150,71929,7290
548432,147275,1360
813615,78072,400500
366540,65074,0
149470,104925,6250
130564,72722,1070
189252,89572,700
92831,48076,550
778200,136030,90500
76441,55123,0
232160,64442,0
254018,74510,0
254636,63876,700
181434,82523,2660
199717,62763,6240
47005,29614,220
267935,69548,0
234920,108117,3400
2243037,111400,0
208660,60226,10200
358332,157689,2520
206764,58731,0
100298,72611,8065
529526,121858,43600
143164,87478,1820
540299,154114,23305
120377,79120,12000
156778,75256,2580
90950,43712,210
204450,48809,210
51189,27836,0
204504,107689,3280
339088,86788,350
241410,141448,1100
181878,96258,6080
89469,45731,1100
398015,178706,29470
301148,88752,2200
53652,33289,749
239853,87764,1255
238230,83131,3775
157675,77375,0
107810,64661,340
571615,133728,44430
136175,92032,350
257037,98081,1000
290007,87686,0
101685,54966,866
221738,79677,0
118913,54877,15375
148300,91285,3348
55935,39170,1660
130307,48120,25800
57553,44832,550
107095,54014,0
229879,96398,9800
198363,115641,1710
549977,107280,30800
188942,84319,1235
57167,32778,0
465955,209226,147400
142745,71194,24000
684794,234739,5000
73822,28797,0
467064,75710,2550
249380,90282,1760
101510,42861,0
386046,149931,3500
73275,33827,0
371976,136493,1160
371072,124571,9900
508360,153199,7820
406088,65504,0
511448,159107,6360
573840,86871,575
154885,52396,121
229252,95019,0
281469,72159,0
406654,173241,67050
229857,46027,0
267038,51249,12560
128269,62411,0
249348,113019,5000
132313,72967,650
461660,85166,0
400256,129339,1340
99383,54690,100
865598,167694,14500
226761,104427,0
70922,46714,0
145194,51396,1650
157142,68008,0
206211,122827,815
374158,143328,320
30294,19072,0
68652,42094,886
58798,39443,300
148345,138130,1740
783350,210707,12470
144330,58264,0
43548,15076,0
893862,253759,0
139260,65830,950
205964,118624,1620
165787,77630,0
503638,142631,2660
252800,72832,550
113732,64739,1450
149662,46650,3600
295426,142213,0
385178,114560,9500
197803,49037,1120
243588,89808,0
55675,21510,0
85751,64850,0
117893,53167,1150
89740,24045,0
265304,137618,300
98667,66865,470
282383,90480,2180
62010,55933,600
361552,78292,1024
62054,38617,440
208200,73884,0
96227,29336,0
258438,92048,5095
127914,72277,6400
118180,47252,530
218522,90391,1800
72668,49195,1600
251434,122071,1110
621248,133723,19600
107350,89201,0
313766,96537,2250
382250,85410,27700
326519,73988,26900
81750,33862,788
197737,44684,0
400180,84105,2390
179509,115607,500
84635,62368,2330
590548,283910,23000
139600,61137,0
374745,157506,0
130791,77650,1250
136268,62523,6400
239794,87182,4725
503613,197087,550
249250,97980,0
555244,178714,7200
226980,155854,3600
98249,78749,0
80169,44310,505
191490,111428,1930
67561,37279,1115
72788,49588,335
69525,36209,750
220475,106106,12900
130509,89331,490
55829,40480,800
212693,139870,1010
803787,136477,22035
176786,101968,5591
246852,89514,0
121126,55602,0
223239,74364,200
246050,105403,640
209670,86522,1290
481906,141941,0
62013,35366,1235
72370,46437,0
155060,69206,2730
131101,63869,220
89629,38097,0
13944,7835,0
60460,49883,350
385971,120450,0
71090,44525,0
230800,113064,6080
209099,79930,16050
105418,86627,1755
169248,53913,1680
139371,64364,950
125210,79850,10615
175200,92121,29390
22116,16891,0
100843,38194,0
116982,65093,1320
304309,90977,41050
246300,93563,2590
93432,41650,6777
1025590,131879,27500
860550,146184,0
310981,153831,0
581248,146063,0
106338,59559,375
482703,201810,1640
490472,136397,5400
238593,75334,11200
103271,81127,50
362850,215976,720
232704,78227,0
77944,35635,0
152502,106174,940
612910,153469,23000
128713,52168,7420
51637,27744,0
105884,49590,2830
152150,110543,1880
131671,66682,755
643111,67900,0
251746,111672,430
357742,85327,0
133436,45002,0
117650,56711,20
43051,26027,0
125266,62260,0
63378,20528,72
106426,58631,2450
295600,86660,0
120710,40286,0
114629,70211,1450
255184,89612,0
249548,120442,0
391694,97633,18800
129145,59239,640
234667,45282,0
195960,100728,2550
394180,155955,34870
23151,14133,0
125835,78708,840
256612,111583,1150
122622,72377,748
179221,90673,0
322821,175087,23070
518480,121553,1400
97358,49899,850
326800,161412,9000
75176,42237,1025
177685,88812,700
380868,255846,5120
289900,84449,1380
143052,51492,74
2292000,407543,0
443779,116588,10680
83191,45876,270
365067,68068,0
106600,37496,0
212077,82412,2720
189810,74780,18200
276050,135676,9300
430480,95262,41700
90462,31036,1250
50134,41076,1185
289267,69059,0
130145,71984,4045
114500,68946,1950
644404,234505,22900
255780,108245,45800
231447,85406,15010
1078000,176365,0
275000,150620,20000
151145,55504,0
596606,112223,112000
91537,55579,400
109352,74501,1970
160080,80541,1000
144060,40982,0
1729120,544601,224000
96013,34026,0
551640,107530,800
164187,51413,0
99194,83672,550
180010,74747,0
439751,132550,120900
105202,76410,530
864824,101565,6500
320000,119222,8900
268772,136127,0
431848,90347,2060
59838,37710,0
62271,18913,0
43974,31328,600
88297,50694,3480
138075,58941,0
167657,48200,2840
112164,39000,0
85848,42198,0
157612,79216,11750
329586,137204,2120
146341,47795,15500
81578,48565,350
127417,51305,800
186941,57636,0
366180,192100,0
105475,56831,630
1050000,201304,133000
370830,175090,2570
214160,76157,8900
136174,46933,0
17440,5482,0
521451,141206,0
120055,49317,0
69979,29544,3750
114800,40704,0
369670,127424,17000
573579,171742,46330
136856,63711,8475
47679,38262,2300
461272,188003,5043
142862,68579,1950
281380,160534,2880
79649,31791,0
315648,183118,770
357520,154477,33200
125370,124928,1200
306700,78174,26500
75300,47932,649
150930,107383,4783
522288,163280,16115
382423,124715,350
113444,65422,1020
121390,59661,160
185544,104279,600
223976,109356,0
486660,93067,4500
158764,99612,1100
211800,59467,0
68207,20262,0
770612,247979,38390
353855,206705,2077
108243,65198,250
71277,42077,450
143337,45194,240
171646,58610,0
41723,22195,0
297735,108276,9800
145640,69695,0
139120,55110,0
233425,86341,300
154995,73592,4030
347128,78817,0
170129,89022,1300
288050,64903,19500
2366160,393583,76100
1788940,138942,0
154632,57539,14833
152915,61216,550
186894,90637,15383
212369,78862,55
315611,78309,21850
62556,35840,0
54460,25526,0
138098,92253,0
151490,30294,0
248454,102115,0
289199,126456,17000
184327,52341,0
114218,59631,5530
106554,57042,1500
161632,102109,23830
119040,66560,345
144050,98219,0
162806,85881,2030
209206,86189,878
116314,74670,320
502211,169534,18865
350740,96601,5500
59671,36356,600
98100,34499,200
71800,37331,0
102190,47746,0
218380,74668,0
77000,22934,0
171923,107955,9570
318000,183024,19100
80184,17358,0
85173,40105,1700
85818,40079,300
121975,34538,0
178201,83022,0
78447,20603,1410
406055,171817,10000
125186,69304,0
199478,90598,0
146090,61807,520
478804,104937,46700
53111,31771,0
161136,88480,600
198306,78599,1650
85247,41793,750
36094,22602,0
164783,42733,0
197121,81820,13647
225660,83511,760
84535,41602,0
134930,100981,1220
100179,48729,1230
241165,135579,1500
200200,77275,1370
401173,96805,5300
353510,78046,1380
34679,13733,0
340176,108996,15106
422306,166553,8880
351140,71410,5550
91030,43829,1100
50086,24559,0
67940,32955,460
99480,64858,50
219511,52763,1430
209641,118214,2000
90720,35119,17100
519843,91636,53200
303852,112151,0
104848,28666,0
915888,96322,0
102718,42564,1023
467537,203748,0
164650,86456,2965
134304,113257,2790
526200,63871,0
574730,256050,265
1647314,267625,11465
159742,58878,2060
68223,45446,665
98412,58799,213
132042,66402,2480
215782,72421,0
116620,45015,0
130847,96595,260
145076,37500,0
99330,26905,11000
120165,66289,410
70359,41823,1890
382762,95296,67500
489060,121777,2500
215142,88655,12930
293791,89516,9795
78597,47733,2050
73780,46645,0
167978,47527,0
285215,76607,1590
150398,38623,537
192161,76823,0
87820,51393,0
115625,58520,1525
208386,111712,1120
611446,140230,10415
1059500,318162,22300
118418,77281,0
159161,82274,420
49590,26956,0
267230,63514,0
33245,76533,0
161438,101814,2230
166290,98683,970
437658,116969,9650
526449,82519,0
143390,72097,18100
746261,186594,9700
92632,47029,12800
190305,116480,2800
62260,44839,0
141844,31499,0
288120,96701,800
347144,147571,9120
113693,59000,750
166445,61157,1839
554710,143668,28700
163444,80172,4610
79298,41328,0
125638,90189,10
237412,116361,1750
79331,28035,0
533748,75023,63500
166578,92076,14900
128345,69248,0
82335,36087,0
141482,87001,580
142100,39199,0
205788,115649,474
202051,118855,550
493020,168272,0
82756,26840,400
104002,56086,350
843374,165492,128400
27564,11359,450
541444,148880,41100
25827,10847,0
305053,81422,3730
68810,43344,0
167005,78590,1424
100080,51694,0
207738,125012,2870
83764,45880,6890
126445,45137,17500
347720,123758,3040
122406,68741,370
68387,27722,580
234722,64681,0
176940,45850,49900
233265,64731,1170
141762,78052,2100
150407,68854,1060
169000,74130,0
555644,130254,2040
945684,230180,85000
148485,46040,0
1089612,181364,48400
87423,64574,150
122388,94137,1300
160976,73588,0
343439,142279,1080
77979,27838,0
156464,50069,4240
433693,101255,0
347928,79338,5700
99921,54446,350
54666,34198,1580
66117,54855,1170
420920,90911,0
222326,99045,2575
70794,53512,0
178105,68102,1440
146194,116483,1200
271924,101121,1753
854360,199191,3200
51340,16708,0
537921,86833,2800
106804,56566,2434
86091,46701,0
406376,96579,21210
545844,130029,6750
147354,71736,9350
250538,63042,0
96115,61249,570
127983,66881,0
200819,86914,840
173352,93759,620
92400,50411,1275
126450,64183,4400
381500,142459,2500
121873,49262,1450
481572,176380,56000
417542,64925,4900
191122,105582,1600
111925,61314,200
408170,62390,0
454655,121030,22520
80855,57054,738
83667,48586,893
212243,54187,0
123119,66624,406
122574,99743,1540
56616,27481,0
348815,79384,450
103794,60073,400
87598,23201,0
93998,34904,690
31830,40418,1430
95800,45403,300
95612,49605,0
104923,96899,2300
71982,23921,0
116961,57130,4120
62389,15133,0
133570,67447,4050
154520,113015,500
82575,54728,1105
1056298,129952,69100
177969,80247,2340
492200,194324,63000
115435,54274,2100
284128,103151,0
68817,39829,0
125330,51284,0
96555,54145,1400
148829,41042,0
141610,67881,26600
96045,53625,950
154880,51836,0
213280,73816,7500
225323,109712,0
1142962,243287,92500
285490,74816,550
74473,13484,0
147692,78486,570
177180,80690,0
73959,37917,635
197357,37944,0
142510,66692,1782
104530,58765,520
209516,81465,35420
178180,72849,11500
107012,34435,0
291586,96225,1830
136717,77667,1200
541700,129440,1135
63346,43631,0
245695,70709,6200
195564,102757,75
228000,113198,1030
211660,90971,2939
167370,85018,8000
984219,313637,0
98406,64952,180
345311,60506,17700
183640,56936,3280
114854,69205,1130
238354,60494,0
341846,70527,1980
349354,91617,53400
222217,112613,14045
192335,61426,5300
185568,97623,4600
142200,62662,0
484150,188387,15379
264398,112373,12800
31345,15461,0
117472,31621,0
431070,87285,0
212613,72044,1080
85039,56338,950
82650,29723,0
158586,93685,2910
119190,66612,380
290900,152297,3680
74797,42010,2800
98484,35233,0
338258,115626,73700
701520,170988,87700
780000,178181,0
178376,99004,17820
214314,84490,190
142584,110902,1310
214072,54143,2374
322830,125596,530
85030,62002,550
40714,22240,0
109907,115607,0
87677,72171,2168
354000,198722,20860
182838,59701,0
91460,54288,420
226002,87604,590
112040,68175,6700
531188,157345,430
364059,95882,315
452936,190611,400
78793,29056,316
304890,73799,30183
103348,54914,4500
266610,45924,1035
35167,21710,0
154495,70299,540
145900,52578,340
111045,70247,300
236990,79759,0
138465,63429,730
138125,87049,15430
88355,45647,0
1026256,97330,2100
104493,64182,430
135634,42716,0
305260,93181,0
810533,108515,0
80457,59304,1090
106001,59488,425
148738,74028,1615
127706,60067,9000
76189,101608,240
227430,141192,2000
537472,136136,22800
85664,61656,0
180444,67984,7700
217802,100482,1185
58329,27433,500
78925,59195,580
121581,63546,0
91540,56141,800
143245,76528,9500
536230,219855,445
60688,43806,260
92880,67820,500
394035,128796,0
140320,73029,1370
94683,57562,1130
251860,93516,10000
438790,240188,1200
85187,43042,3900
23494,13522,0
721304,97454,0
140480,78757,450
256570,83869,1224
77930,52005,240
181215,77545,15928
233235,132384,340
132030,55360,850
80285,31686,650
128598,78195,80
161900,92832,815
150030,64641,0
271058,101246,8150
66275,40097,410
127345,51371,2800
378228,136332,49190
945323,183367,19475
160986,62970,865
259758,163880,2550
68533,39729,300
317626,94194,0
58074,31218,0
164801,89779,12885
267692,65965,800
53465,30732,170
99455,34769,0
52482,53193,200
183299,83002,2340
113221,58693,14900
201345,76027,23320
318723,169408,3500
122400,62737,500
101922,56726,1960
184722,38378,1200
344000,122700,0
93383,46368,12659
30425,20466,0
190300,110387,6800
124329,66004,134
67388,33437,150
64383,33607,0
121475,81696,0
348613,98336,7044
489508,149117,0
153950,77431,0
91785,57112,225
90916,47240,0
149000,72726,2110
121030,36305,16900
260715,110288,3240
103364,54584,11150
64478,33279,550
140727,50523,0
61469,40542,0
106336,70200,1485
92623,40474,0
651410,158426,0
236742,136315,615
272562,260684,0
428646,156242,2100
196937,47956,37808
386928,161176,680
84044,39926,0
105953,63632,0
214359,77758,1800
45033,27705,0
540876,103991,0
410072,105999,2450
97260,59263,0
217825,121136,300
166080,134812,200
54381,41001,0
258845,108072,13550
105115,49350,0
133832,67093,2000
404966,56175,74000
133184,61579,1700
116327,61175,2440
369202,51091,0
95042,57521,400
97261,57661,500
192900,74004,8740
826804,128184,61000
404676,134912,43670
170607,51442,0
207425,108722,2700
117804,54111,0
28081,12206,0
91848,58028,1910
202840,71654,1000
107966,52466,0
119668,47190,0
497597,97020,700
277629,70698,1893
146786,49207,26060
511572,102823,1000
63720,24501,0
203645,139684,13400
414341,129166,12000
202370,64673,8500
129900,57530,120
703600,202947,71500
187952,101293,90
50826,31965,300
75733,40518,0
93914,69689,2565
68465,48777,400
102329,58639,1210
372224,122412,5941
130405,65088,17889
132029,91745,870
85160,40835,0
114984,28102,0
332914,64577,0
104376,52284,398
35174,26854,0
221398,89103,21106
263066,85624,5350
326117,53484,0
124280,37038,770
984560,157656,35200
357725,120601,1860
101700,59824,400
252005,74698,1100
216792,84869,2500
186792,96241,9510
91106,59071,3670
49968,35206,0
469314,200165,2281
211460,72270,0
216929,124316,4690
166312,70113,0
708095,100730,0
114480,60992,1670
369302,163962,7955
227570,114308,1900
86800,57520,860
706212,158166,3000
87372,39450,0
603323,186508,49825
259736,84697,609
96638,61170,1350
159242,128211,4226
101576,61189,1700
98819,56715,13940
44608,34265,0
442162,93647,0
69006,41405,940
157627,96723,975
400862,77248,0
52446,24937,0
72005,41208,880
96110,65437,2860
60311,33592,0
663746,72060,3899
148050,98279,2800
100300,78015,0
311160,59004,1900
114089,59513,0
74233,54967,600
111729,23612,0
333674,116618,11900
197840,65338,33250
179375,47284,0
216499,56475,0
140312,66705,1158
150509,51335,0
591380,114867,5120
1477965,478203,12650
21357,13995,0
166395,113967,1790
162522,52534,6350
323295,159063,500
632410,118740,12600
128574,56919,250
227453,121649,915
56599,41263,1800
244150,121766,585
536208,134329,1400
124805,57686,1616
144407,49436,0
192500,109916,5620
131045,68630,27805
325844,101766,15420
184057,89822,530
55555,34124,0
516391,86646,8850
108314,67079,530
58674,31595,6950
387164,137360,6798
138930,53044,200
156879,73294,910
132860,45282,0
370482,92405,16604
172538,60152,9680
221961,49676,0
60325,44849,782
162385,104329,2373
178376,65610,0
123197,54899,1635
235458,65476,38000
102567,46034,440
88290,66832,900
58385,32799,0
98739,65282,1797
75812,38739,330
40134,17458,0
115757,63028,440
72753,30153,0
241271,103068,0
237715,102671,1270
251549,142389,1501
316705,81520,250
86905,71923,3100
138317,76420,2250
142994,37481,0
177887,106861,0
168248,90303,1270
82101,42371,0
69744,59232,250
152834,94653,610
147244,54204,2168
215380,106522,2000
134412,75308,7170
78530,40700,0
99340,61466,1445
800496,115148,94550
231729,96754,5800
104956,53604,0
172400,64175,0
168965,124981,1050
107480,58485,784
93131,52602,3040
429017,145853,39200
287220,155490,1410
94810,51637,0
188540,47273,40000
637450,249076,14050
40815,24884,0
169809,92116,14750
82849,42409,0
77994,41094,430
86077,32975,2800
184135,78806,13450
338176,49275,2500
627941,93854,14300
808197,138372,99000
125452,58129,2260
601400,89280,0
572010,93048,0
90116,50245,610
58605,34644,0
253472,136571,0
503989,82812,0
48038,28930,0
51931,38308,0
80390,41265,0
114375,105966,350
132653,81383,880
122554,56187,1840
162656,30281,0
182650,72560,10350
119778,80344,620
190042,63729,8150
111390,51015,1042
499728,103353,14300
107358,75762,1800
299260,74908,925
1018884,262299,4000
344782,98649,0
73000,17846,0
240601,101767,4480
189363,85039,12000
53723,30264,0
422100,196826,0
125996,85103,0
120240,55760,0
195340,85026,0
94425,52078,900
255864,55174,0
276628,111893,3450
141095,67322,85
155645,81992,4650
98182,48455,4500
178021,92310,0
79770,28418,0
58064,21971,145
270052,113679,59997
120010,73497,1000
335954,112347,0
114334,67757,814
378682,150224,2040
220740,71608,0
77050,48494,2860
246499,60297,670
277274,159478,3180
111152,67705,1360
188133,65665,750
116126,61460,2906
903753,301137,85000
60737,18032,0
34125,24230,0
151577,76066,5930
59084,27917,220
101948,33844,345
252390,63295,0
67780,38485,900
188828,68800,0
122546,28017,0
39441,19441,0
912000,132906,0
195250,99963,550
155984,86024,2960
109545,54289,0
218849,77531,0
829622,343155,0
204877,74777,23800
75630,42347,150
315609,127908,25333
143978,51792,0
447648,227363,8730
120390,90204,5200
189451,64739,0
161316,69681,0
67069,23204,0
76675,30200,666
154729,82459,760
78565,39141,3565
179346,108652,580
225690,89679,568
186542,115664,15675
94851,54770,600
473316,90120,12047
756666,109228,0
212922,89500,350
253942,143158,1670
215070,78726,42950
159950,62238,2100
196540,78340,0
415342,125998,27500
262716,67250,0
105019,47947,150
181390,80703,1100
226112,73855,803
982436,136271,0
227397,57204,0
971905,221486,45040
121866,68953,2450
252374,80038,0
326250,61403,0
381148,118226,2040
80863,55840,800
17649,10411,0
27860,11688,0
515601,120226,0
76710,20399,0
253686,69920,0
151166,73541,800
102056,43847,140
109990,35809,0
65308,23852,0
114730,58822,13375
117738,57356,3430
103880,57139,1850
66673,30318,0
140596,53107,950
859536,138670,8000
158544,57426,1090
68045,13903,0
65487,33302,0
117277,47145,150
95021,40263,2400
202513,92739,2400
129752,62154,530
50725,36261,0
120647,55727,0
205595,118172,7500
195296,100296,1370
111464,41462,0
170400,70293,0
92765,58211,1586
118010,59332,1185
163215,52488,150
94238,36261,0
398276,145386,530
134110,67030,1035
77610,61281,3480
235800,102126,30600
369726,120063,20621
464186,83351,40340
188362,72485,30660
213020,82296,25160
164887,40588,0
111296,71321,325
253865,62266,1118
210777,134233,6835
171108,65729,7260
141755,63901,355
538372,234070,0
944192,163415,3240
184728,55982,0
233838,49894,400
271516,132587,0
265600,171220,49180
34297,32029,0
219104,40566,0
943608,97621,0
83358,26474,0
88300,58965,0
155892,84857,440
217250,114228,430
197683,99421,15050
169410,108508,400
183066,97867,2270
75210,44682,2650
323656,113196,960
468000,116246,0
85572,49393,3424
36176,17538,0
150320,68891,0
80885,60602,1200
135100,15952,0
199869,78562,0
210390,91686,800
205557,115316,8135
230427,88979,16030
134050,36003,0
135134,50502,0
122322,87448,1280
248880,95993,0
100392,56431,650
220116,104404,4020
301667,85142,0
149894,62919,7605
411667,88960,4450
153598,49745,0
83116,31811,0
203526,140968,15315
464732,115737,12520
110873,64025,975
75919,42274,300
248000,74502,1170
270515,101644,4450
128054,79270,756
311160,99308,0
316074,149771,10900
343520,142199,4125
264300,95576,46000
542128,117643,0
241544,69072,0
252915,110027,350
203614,97899,1730
209750,63910,25648
827236,236648,1400
346360,110338,9000
73141,53042,0
96625,53893,300
105678,38173,90
98590,41392,250
140966,70808,2780
32575,20057,0
321970,144453,1200
200430,75494,36398
77970,63290,1056
172170,66817,0
37922,33053,0
140857,99804,13000
221526,83444,8075
129226,38736,0
124790,35675,0
168446,89792,2250
184570,86851,60
216450,93089,750
69102,35917,0
207060,85770,0
91190,55034,5376
150190,88635,100
384645,143650,12815
474943,41821,92000
385580,141989,0
259978,50520,0
148617,92998,15574
89888,57291,200
64269,68448,0
267588,82631,796
118529,67247,1950
99220,60907,2860
430842,143897,18500
181451,157223,1300
80932,56472,9575
130051,67325,1800
119919,78925,1127
281191,99615,6315
258776,195079,26150
158310,38626,0
80985,77003,0
151700,56394,42165
479898,123688,17600
67918,42427,980
246540,109397,260
241476,91961,1348
150782,80875,8900
91090,43965,1640
68455,55273,200
75563,55142,770
377562,79962,1575
62445,45255,350
637812,64277,1500
77797,39004,0
56812,20509,0
52957,33900,400
97347,46877,0
192705,71035,9090
140776,65835,2600
167359,51072,0
276911,139401,2475
81267,50880,950
278255,93325,15125
104928,75080,1607
366550,81044,1140
168177,127594,170
211308,67143,956
103048,79029,0
120090,84796,650
416609,101182,2160
113092,84477,595
105368,35384,660
307290,84846,1750
464549,162346,46350
568388,164809,0
160104,67043,0
101606,70931,1100
210250,47107,0
98688,48627,0
128570,39933,370
67485,61992,430
149525,95552,32610
379326,95379,0
440378,122624,6200
91615,63381,16000
94250,51935,770
318355,95913,0
38407,25406,740
297230,153211,420
37902,25690,0
179545,100434,6435
103322,38080,1577
133390,74821,2900
179497,65177,1374
94071,40489,530
171280,66143,0
109096,66082,670
81790,35580,2415
282453,51789,35000
482660,142190,0
212025,82591,47780
80845,40276,62
206000,69931,0
137071,86235,2310
117316,34219,0
164268,124253,450
67895,39457,0
154160,81446,0
138946,90570,0
460314,113499,26320
168559,94486,90
444240,76349,15980
236494,62879,2150
110450,58367,950
119089,67640,880
165784,77356,0
112902,42361,1609
320200,120682,1520
166965,52283,0
87957,42507,8280
108057,91332,2450
242623,58753,550
98497,61370,11885
59748,39055,0
257332,90804,1300
395010,140180,0
71825,42705,560
156278,60185,450
100285,44540,0
91238,49673,0
468364,226491,0
317263,70543,0
227105,126135,2900
172708,115036,0
115805,15751,0
427600,144875,97995
180772,49598,4800
259770,81617,13640
158260,51778,0
352549,127801,1690
57956,24332,4700
119809,81826,11210
345798,116850,60000
165838,118479,1010
171200,89920,37480
173712,70457,780
102591,79733,3672
209140,94523,1420
166575,45480,0
163490,81882,1100
101090,50314,0
327400,124467,320
198572,61397,0
82806,50195,0
64656,46345,0
183978,73319,650
130696,80128,1035
200502,68107,320
215706,144506,9040
75610,48663,1240
177615,110630,1750
62945,37079,2100
115739,45506,560
194456,54590,335
298675,99922,69400
163941,83971,1370
106905,72505,250
212243,106771,4280
62994,29685,0
213610,42126,0
626224,290490,1120
96552,98289,1420
116591,48581,0
112786,53904,1148
180196,73343,32270
92180,23740,0
322098,108466,11350
150237,36252,0
107950,39960,0
761716,213647,30300
128506,48515,0
120266,95729,1820
133467,73166,880
221847,90193,20
311790,83474,0
79562,50624,490
188936,39950,0
106036,66500,30
243732,61830,76230
130880,70030,420
305908,97857,8300
79508,37024,400
545078,171184,7050
93160,67909,0
328962,96874,2030
141656,61802,21300
137885,57476,0
691187,103999,25930
678333,159744,32000
137049,68871,21130
165245,50168,0
169727,72992,330
117830,63474,630
150852,93441,595
192886,47267,0
268929,79696,740
619894,182425,2290
125569,65837,610
130333,63179,400
97476,61993,1380
715050,202524,0
131115,34581,0
206501,55270,0
131830,40666,0
89413,46379,1300
163205,22156,0
70509,48569,750
372800,148554,0
307100,100012,17500
104599,58876,5695
43777,17137,0
118540,74150,11310
132456,97549,1895
148440,116147,3120
84183,47117,1059
235061,85507,0
105895,58287,0
136770,46380,12000
315259,102850,48000
191859,72961,51800
279856,116182,1725
139743,66453,1920
67558,32543,0
74774,37916,500
80490,23762,0
254934,102692,0
119065,47797,0
1065000,200589,164000
234431,70076,19180
138542,73875,1750
118164,85831,11482
44509,14036,0
150840,84321,450
292332,158969,2857
82924,32736,0
129658,48837,0
306382,91089,0
177141,79259,1760
716835,143081,43000
134125,56581,440
56926,27516,0
144990,38997,10150
166087,103196,560
1051940,164385,2691
119470,36267,0
172285,61944,22700
187319,83448,11500
176889,52848,0
401000,110613,20900
267645,219774,27490
133127,68382,0
152050,93589,600
358396,110777,3080
84020,66205,0
75561,53419,240
114812,54589,0
106875,58399,10510
95603,47917,750
124605,80015,3369
192488,115036,1210
108202,61104,1500
128030,51609,3100
286717,59190,0
239836,90669,300
900398,157989,38700
193909,100687,2825
99375,44334,795
54903,29948,125
415700,106191,22650
85788,114964,4740
202178,141180,0
1109106,162137,0
204335,131841,0
158803,98728,0
114992,60282,750
568967,153437,900
61289,34643,1049
174715,78262,1580
149860,49809,0
920650,179319,61479
272000,101384,0
270940,92574,21290
333494,132579,0
68724,47334,1682
358050,134282,0
124818,55362,650
46831,31927,1020
456220,191911,7900
439418,82825,70
179705,66058,0
160998,39122,0
123175,85482,15750
12039,9465,0
57484,25079,0
102484,61215,1660
60950,32729,720
78409,55399,100
108010,44217,1765
134382,68760,400
396078,149462,36900
488800,136061,22300
440460,114383,15990
103885,80449,2665
66795,35024,0
210731,52895,26300
87703,19686,6350
148650,50366,0
91886,42270,220
99770,55661,430
465410,102412,0
542682,154635,13300
137982,71695,12700
70183,25470,1574
417979,79653,6000
103199,41513,0
214515,89839,1700
212350,58678,0
145316,78394,0
232060,61880,10580
850288,204844,9250
104464,56116,320
276185,111941,0
158099,70874,2030
224582,143616,440
125495,38710,0
149995,53750,0
90216,25708,0
1081030,166113,88300
145481,55303,740
314650,91696,11850
131810,92531,8900
95879,48858,800
133500,88783,420
71254,44896,0
100305,61641,600
122713,72625,535
51993,31000,0
871644,356017,4700
99571,78797,35440
182730,81081,340
208242,97397,6720
144000,79908,1075
138143,30137,800
195569,87593,50
164070,82160,1200
752800,163429,27000
384600,185854,8380
108690,73219,1245
59952,32933,0
208024,92276,800
91105,33081,500
436373,171258,0
63782,40701,500
248787,62342,34840
300693,159635,1150
136820,55791,600
421692,171428,37200
84410,39395,0
105916,76364,1675
253940,81782,22100
116551,83954,100
67637,41334,350
591018,99635,58750
281299,130025,11810
270960,116759,0
151720,69425,610
283164,134875,2730
112035,49287,0
141035,71965,19796
238034,94837,1295
82620,52381,815
153360,72417,250
189280,65450,0
139968,105775,420
467420,131803,5080
1365550,101806,3580
155173,44945,0
96695,77461,5870
41052,15393,0
134616,54991,550
119620,77730,400
85962,58390,2875
145744,82492,1650
77521,53445,350
136200,78894,400
88320,45584,120
289720,129517,26750
252063,116317,1932
2028088,317836,0
280272,88120,942
234716,93275,1050
468258,239211,2270
110964,85171,1600
86514,17274,0
120340,56838,0
841065,134003,0
116078,61364,2770
145790,76976,450
1021582,234126,55260
60850,64956,0
104810,38368,0
112140,73067,745
68722,38824,0
126625,38019,0
227625,106876,700
105606,77155,970
504867,95171,8149
119600,78850,0
224260,62723,44
197900,94837,0
217530,77314,0
219942,103080,150
191482,44227,0
152996,73382,0
79040,55512,1800
376972,125995,17300
314000,100935,0
267630,123334,490
63365,38782,0
122364,58905,650
234629,78204,175
108370,82305,1100
160030,120742,3040
131798,67503,1435
200148,75830,1500
398868,134239,70000
31725,21363,0
448975,92356,1250
124595,55339,0
189531,35629,1250
608251,215105,99100
477694,122399,0
100385,68379,1530
279800,110121,0
34549,20800,0
718238,180371,11350
127545,58892,0
107205,54927,840
37781,7594,0
145583,71865,1240
97731,33312,1147
577503,93508,12685
98747,50997,970
61420,37191,0
164225,53743,1860
40100,25940,0
660880,153752,26230
65995,41706,1091
396476,122238,38700
93796,45284,14810
567915,163972,150
86509,62407,4400
133817,93037,1183
134384,64428,1000
119448,70664,0
250590,28239,0
329622,189217,40
391345,104446,0
575875,88025,68100
151190,78867,9138
106871,49741,6960
232009,78388,13340
214448,113389,300
76381,38075,0
150090,80099,630
197178,87302,750
137442,84857,1480
46385,29527,0
628050,177041,13200
243763,111374,15760
191985,125521,4300
100004,54876,623
200464,115198,3330
105400,40512,0
93317,65118,442
75490,61459,855
356672,116882,16200
281130,132042,300
75758,37177,255
191796,92487,2650
125076,50270,255
257332,115016,31900
80545,49995,2040
181380,84078,0
116348,61678,4260
189650,73771,780
84256,31898,0
82480,58452,0
61932,26356,0
34300,25749,0
122189,36032,0
685505,51592,0
120325,62957,1655
177528,82291,1867
211290,84272,2000
372732,107251,5680
38143,24699,50
277533,125472,30
192401,63637,0
139829,44014,7000
182270,48953,30890
123189,75314,24860
88860,47046,1200
129821,53908,1720
277630,113412,1499
683763,107964,33000
121719,65103,1180
616340,166455,0
160000,74904,650
266721,51913,0
219786,78215,600
160996,49400,135
196698,98362,3375
122019,57168,0
224329,116508,3780
171020,26104,0
454378,75331,0
234663,104324,1180
91643,39262,0
157892,67313,31180
71090,41784,0
53680,24050,0
158455,76433,4195
726096,184133,46700
59823,22725,0
52163,32815,1120
66352,51906,2002
58136,33861,0
386381,108290,1500
1128127,272177,25665
289456,75004,280
56200,34345,100
121697,76517,0
213288,84971,660
366557,82479,1095
98650,90927,0
266938,124687,9670
325011,142365,20300
241236,89176,540
796842,143264,64400
170860,110976,775
442741,288986,550
496020,118220,0
108370,95058,770
252480,113195,1660
161576,113472,0
539908,158109,600
144190,69615,12895
86102,40278,0
53549,38155,620
65560,45292,50
44775,29669,0
222800,113366,47540
92048,50916,0
107412,63266,700
1373715,100538,400
68399,26089,0
146226,59236,1000
219049,57691,0
232376,76947,0
875600,201516,0
107965,80297,0
645358,144629,62000
47907,30807,690
208694,73974,1410
123725,64846,1658
695798,140420,14400
267786,129418,0
222985,64570,12916
59235,46902,630
103638,56205,970
54350,43090,750
419430,175659,0
333435,71577,1800
295325,106315,0
203619,59076,0
155135,49816,480
179590,92336,11700
661851,276914,108051
61020,34024,850
317346,69764,0
146817,47471,915
298715,84543,16600
202180,77891,300
445088,130503,41750
1006378,220412,46000
731230,251493,52400
485060,107805,0
205576,79829,1590
424870,110390,31400
276320,63560,0
181744,47293,19340
356957,121500,8100
287560,220369,1640
441100,155411,5350
1138189,157116,55305
62673,63938,6800
40226,25060,300
95279,38357,459
180005,100386,1140
129694,73941,1665
67227,26834,0
192178,109067,550
102854,45532,0
508009,105775,10750
144975,49606,0
754745,101657,0
315535,89500,74000
253305,60241,20340
252084,110382,29630
196799,86714,3460
261080,123575,5348
238268,129815,686
192236,87817,355
308073,145104,100
107314,44191,0
524700,130476,52000
42118,20165,0
158120,77573,13525
82120,32020,2900
129658,48957,970
411360,192463,3950
119786,43005,218
299562,86502,11200
103967,40199,4020
198646,103435,9170
170525,90162,21850
165617,61893,0
429314,127972,19000
113048,61945,1770
112181,57816,8500
64808,33836,0
76988,51858,50
223644,95543,1350
488654,135285,53860
164048,76340,1370
72995,45714,490
113647,64922,880
88959,82491,1560
146293,76626,3322
77822,25453,0
188943,65742,525
39201,26862,0
596410,145532,30200
113287,50227,240
97612,32986,0
222264,39526,0
26765,66174,300
92144,68488,2150
99698,48357,0
149656,68780,1730
156554,82495,6500
146783,89926,2020
157392,94111,660
82922,43243,780
209756,102710,11660
238660,72847,700
93046,76065,1250
156879,73817,1585
93300,38940,0
196004,77464,1500
330500,91201,17100
78572,66289,460
2409200,90039,0
381637,42960,700
488470,148034,42280
125571,81771,0
51878,33938,0
122406,57319,13245
123360,48511,25200
1202840,126964,33500
175575,81279,5800
42355,23845,1180
203720,67742,60460
94200,38293,0
92280,24096,0
77029,36154,33150
109793,62505,0
149260,94400,2440
80820,70304,1040
93120,59463,1009
223655,79291,1500
234880,97444,26700
114221,61478,1200
255831,126489,16310
212090,86823,500
265014,129697,100
217674,56406,0
920887,125155,21800
358954,71615,0
719798,139264,0
108382,58966,545
43296,21679,0
287307,148585,1580
403434,90667,24140
581438,164170,12700
287065,117692,13000
111748,55544,0
35830,31922,0
226264,117796,1100
100450,48487,0
88615,43453,920
181258,54478,450
128623,59440,2212
178984,79220,280
65949,40088,0
162125,42476,0
139010,83715,20900
209630,40167,0
603282,203251,33220
178220,72540,830
329661,106158,1510
149940,94641,1100
37682,22136,0
157838,52566,300
168152,96336,0
128269,89059,5070
326775,132954,3750
449016,226907,2930
107630,75207,255
171042,105949,1790
160614,67803,0
335563,105346,1950
133876,98832,0
350356,126979,500
318836,175269,540
139200,98922,10450
354460,86576,43080
127041,28524,26000
126892,74105,640
199480,92078,0
63062,34490,0
93542,30761,2750
314207,90332,0
223359,25515,995
220280,69101,0
122747,77500,0
725390,185819,15030
166560,51114,0
116810,73204,3505
254566,88980,25800
605619,142418,52000
363345,213696,1550
210455,97418,11480
62552,45630,1372
91982,42812,0
724052,172869,1280
385710,111264,1210
122836,38124,0
110975,60633,3190
143506,67557,4760
124926,49222,0
94310,67342,2030
322308,121532,1530
285074,102739,2100
79070,47855,0
303791,205244,8410
219100,105372,2010
133535,106307,115
11639365,280597,102500
235978,77495,1730
223440,101520,1450
243548,121377,15400
269030,70317,0
214414,54507,1575
179950,67510,260
135512,66066,300
123010,68995,12250
127710,72691,1810
217515,64195,1500
70792,56480,60
149427,99285,5790
395397,56194,0
203123,115056,849
257600,134709,6000
94641,45005,0
66287,40421,150
141033,34573,400
159562,88521,19300
216961,67116,2000
161616,63135,1400
298644,82250,0
106910,50416,800
117166,84565,325
124360,74595,1020
63871,34522,840
389025,50391,32650
42115,18608,0
179587,102195,10810
251747,105418,1259
64026,36188,3250
288528,183329,0
96385,61177,1200
345849,88600,950
135641,76231,1300
246377,102366,15500
127594,81695,270
174512,65317,880
202080,78608,0
179528,112619,5380
187163,77666,24320
211703,124068,3650
417714,50233,0
106689,48586,0
184288,126347,380
310580,77934,1420
246752,82532,1139
294428,147552,0
96575,64478,900
75030,34662,500
121540,72645,3025
109820,50219,0
205834,59534,0
670190,136199,18100
390990,108902,6510
467969,92754,2655
121200,48147,0
94934,55315,2020
140220,59249,1200
117043,42236,0
575730,216677,5590
695928,124835,4400
313614,126219,1905
106819,97508,150
151632,93473,2120
217238,74242,29500
102906,65862,0
84896,57965,530
98965,59932,1670
258622,201272,1060
125863,61539,500
128680,63142,1360
226044,76945,0
113886,19399,0
92503,50487,1350
156658,89763,0
109015,64346,900
75382,55560,0
105280,49072,500
117811,41048,1725
275882,58869,0
440228,200137,27820
46625,28389,0
96370,54271,150
183408,60719,12370
166208,79308,2295
311095,48725,43824
208321,108064,28720
321062,98826,1000
103993,56585,10350
322160,71539,12000
121684,64010,1750
98309,58847,1500
641437,199368,41500
372618,159550,423
358961,77335,0
150978,39968,1072
288833,48156,0
85729,53314,300
188440,109052,0
168032,101684,38425
113247,51824,0
123955,58446,0
468000,163333,0
306258,86269,6900
578890,150068,97000
101240,60866,0
172947,68810,13014
384920,145279,34765
80111,49405,750
998280,240305,47600
114745,70027,340
338676,78459,120
96020,61225,1300
185175,104919,900
126048,46139,450
220232,36693,0
714164,119835,131508
710865,135139,14000
242700,89970,700
630770,117181,5379
136439,83567,60
289790,129330,22400
199810,101653,0
371270,70400,1245
670828,152398,6657
248241,202861,887
109661,42639,0
80392,55192,320
161048,51817,0
148560,69959,0
220842,131451,50
225300,54678,7325
732718,162330,1150
767267,237139,158100
188442,76309,800
185818,106554,1500
44814,43259,0
328335,94389,72650
159721,76906,0
117895,58429,0
48711,16756,0
47407,17837,0
324000,105873,40660
85408,37706,0
1123471,166267,1500
614430,134323,31200
87160,45121,0
475198,134013,510
200418,99652,1470
286448,102229,450
28225,15781,0
187545,79553,570
80285,39441,0
245272,122648,3600
109485,42920,22880
114668,52501,1260
90871,54625,2700
133640,33071,0
178435,105925,880
171177,64153,21920
234055,127088,4919
95290,53094,1300
128186,85654,4950
192635,70934,17140
256792,124123,1000
213350,77215,37550
162456,35453,0
122448,65226,600
264797,59268,0
138420,61157,2345
135037,78497,0
150842,34453,505
169134,80107,1260
126569,59837,500
104977,50180,0
52339,45541,2760
104736,54861,500
217279,87428,1660
173470,78726,1569
160114,81805,1500
234698,60619,10300
367295,103658,20900
185577,103936,1620
247224,89695,1150
203260,100697,0
538858,145499,16850
187387,100127,4181
220208,92415,2345
81627,36916,100
95080,61789,100
354756,124037,26500
393836,167121,2000
11285,14709,0
165885,62988,5200
535718,112570,113935
78300,25949,0
205253,51402,0
102866,40644,0
99808,68992,669
160906,75083,1970
154922,114367,885
86964,62023,0
242964,113962,1290
84925,58400,100
99898,47479,290
57955,26722,0
103239,56613,2165
826662,173694,14800
84000,46326,3800
362857,86132,0
194432,86071,0
37814,22444,0
319782,82743,526
1405774,321531,0
155696,79265,675
312692,97520,10950
67670,51161,0
102104,49759,680
124605,58587,295
114015,27918,0
429200,168760,1200
62437,41848,0
241930,85939,2350
255196,70213,719
414820,68645,0
64206,22466,0
322074,102858,0
103116,74171,420
77300,47779,320
318048,124083,150
322384,147728,1380
123119,63762,693
296804,118740,633
335308,90324,3970
146061,105042,600
423690,96549,22000
283995,82385,650
73883,42602,1150
471823,104556,0
117331,60110,1920
163963,95055,0
120537,74656,1560
142489,50960,615
100717,31003,0
189550,43554,0
465692,108284,30000
270918,93307,1933
94356,38320,900
142945,72191,2528
83179,45965,0
89662,68803,0
213652,67013,0
104800,63223,0
85172,19669,0
605059,98098,7860
1228580,156533,0
62629,32328,378
451400,103135,0
187082,84002,8610
643185,123918,29280
65285,38314,1265
88964,49107,3330
554752,173618,9840
56257,19341,0
83381,57435,50
103807,51439,580
642838,144184,270000
106450,59584,0
183188,107276,13250
1689027,74504,19765
152850,57809,850
252257,133643,22327
66624,43198,320
79800,32042,1240
109870,46662,0
215887,93393,1105
518000,186904,32300
271558,136751,8939
121114,53587,3000
217562,87360,3290
283786,97856,0
416595,56722,0
272256,91044,300
221671,124464,2250
276628,129967,1670
223010,139920,5460
209299,88512,14374
984100,152514,0
238110,100322,1150
229712,90493,1000
429280,78747,100
403200,82119,0
152884,65721,0
255931,71271,11250
343392,164447,6500
82488,52413,0
732605,110433,24200
263802,86242,30400
133010,80605,1770
166206,97254,50
184146,62888,1590
172676,82403,27650
72161,54795,1140
192016,124291,840
67172,49992,770
214322,48041,0
129972,48306,1066
141803,92494,8150
106770,61012,1553
43255,24863,0
113796,35822,300
114035,54503,1680
241799,104312,0
174322,75328,9197
218958,29549,0
264942,89206,1070
102214,63081,700
130908,70530,1100
499196,128051,9500
877048,96847,0
762510,144231,17690
379777,193404,9750
102822,32534,380
245410,43680,0
398902,104273,52770
78900,39387,250
115508,42241,1085
421884,186674,0
198267,94289,0
338040,40706,0
130673,43359,1250
73718,36109,100
233815,150940,2330
124888,110659,3838
135152,61041,0
565921,105640,35890
290547,76360,3540
258063,129474,37620
169830,89656,0
151430,70137,0
527818,198077,0
256958,83917,0
96215,78173,5200
72510,42893,3250
82092,53306,420
253895,103513,12925
177564,53435,0
126502,64505,165
107320,60413,0
381563,133077,17420
341758,165988,2300
407553,105054,60200
110023,117390,1335
304940,124709,2350
111195,62264,1871
190070,57125,0
160812,76135,0
99140,38697,0
520392,194798,3650
405998,77654,0
69310,35350,1130
423657,107357,0
81586,55521,770
477602,78814,36000
407455,101325,1860
155180,54051,300
48742,158244,0
296446,103404,0
467160,161416,55380
81340,76979,900
357911,60659,0
357289,108244,39000
217080,132171,0
486935,117003,0
143707,73726,25800
150096,59092,0
143020,87987,1200
292526,100446,9330
275587,113615,0
119986,37404,1050
97998,56319,2070
228295,90554,20
338433,81336,0
153257,64901,0
147698,81329,0
470057,152181,68500
271411,47141,0
61808,46605,425
395648,63216,0
289232,130520,870
57779,29699,0
125665,65093,0
32375,27505,0
207242,93039,19160
215107,106102,1450
698236,229488,360
120997,54500,1080
197319,77190,27630
122850,71556,2440
81664,31843,400
22960,12853,0
89503,44900,300
297180,84404,200
88086,51405,2180
268046,95145,53000
1225986,429787,36641
541410,172605,22580
107489,58206,0
57490,28389,0
647358,223694,5430
149551,63453,500
141272,78057,2360
89292,51835,200
703032,181113,89000
93354,66477,0
511470,93739,1500
184113,117584,800
60059,23967,2100
145529,73463,818
994622,144291,0
479830,121392,8459
466933,182493,33950
137678,70715,0
337302,155379,103
1064600,305361,67300
113300,73569,2250
271900,101416,2300
38075,21443,0
217293,41048,0
219474,139358,818
88889,36242,300
196167,94690,1243
379480,74363,0
288991,123610,0
211705,56964,0
55562,33354,0
55370,38075,1275
106632,63801,6050
76608,35162,670
198580,47235,0
452580,166431,99300
987839,192786,42000
146400,88098,1800
281596,92160,600
134971,76458,0
98167,52101,0
134472,50902,0
194480,136867,375
71480,32443,0
190877,102241,1223
339236,118633,9550
252164,94314,0
196986,39941,2450
35061,17471,0
104416,57389,1950
99831,60225,285
24485,22149,0
248339,101627,11300
323996,103919,6850
118620,43142,0
85830,67407,760
111840,53511,18850
2908383,226616,29210
101404,41069,40
60497,34598,730
134024,91508,0
332145,91435,14000
278470,123718,5240
260200,105205,0
75940,39894,800
171835,96830,820
142938,43824,23650
821400,128095,1340
537464,129939,0
229928,119069,8085
108716,55530,200
329565,83408,11680
604051,249055,53520
205509,100128,950
525229,151042,11000
133450,50885,8000
251202,64895,750
64330,47770,0
92196,57885,1165
719760,202206,0
145082,94372,1490
77438,45676,831
127859,68910,2000
126576,83967,2546
340050,186670,12450
400931,68420,62000
256386,116040,2805
197830,52598,12160
365403,70219,0
90576,44882,1700
231580,73314,10550
598403,127658,2587
197160,107053,970
149736,53468,0
132914,57329,5530
138443,64039,1845
209700,97065,16270
133970,59248,6060
122629,58181,0
90570,40823,670
178096,106213,0
503897,54659,15250
113752,46251,0
227300,87826,20300
86766,28867,0
215502,82438,1500
95965,49268,1300
327272,119661,1700
427342,129832,1300
230996,52517,0
93710,41224,11200
94070,53092,440
177315,63871,0
54083,32143,800
91350,71531,1210
228080,90000,400
219328,64076,2170
267510,37025,0
61639,36868,150
114148,61938,540
165469,56723,700
114252,36680,0
131790,73084,1880
103488,54654,515
109258,59268,650
232552,89002,4980
199264,54127,27503
267670,88706,0
937380,194365,1760
63057,31828,0
266440,68418,0
312510,58290,1100
120538,63910,6100
65940,37837,0
158509,89248,1180
127478,64564,795
1011879,143756,0
89378,31656,0
330558,112828,0
744080,73590,0
143640,95777,1600
348730,101833,100
158106,85912,250
199730,38194,0
98300,51765,2820
1442580,180175,0
384800,88183,12442
90370,45701,0
179914,118968,6190
1108156,178077,5800
53385,29849,0
405900,98960,2130
100555,55279,3668
86891,44188,0
147232,76227,200
177269,71025,24500
42625,27736,0
457000,100575,17350
472610,90666,0
69978,28860,0
61748,41137,331
73330,51590,3961
130263,82664,6452
43143,22614,0
397354,163448,10550
123830,59395,960
92316,70178,620
387179,172681,1370
308370,194032,20000
199504,55261,0
32596,24134,0
601479,115077,1300
145049,100190,0
281694,129540,800
104169,60657,200
504431,83066,0
142840,39801,0
148521,94355,3160
121443,43921,0
130159,65898,460
207141,95266,32837
323520,131120,5820
68600,48540,950
196830,63582,10500
22834,12621,0
262655,142118,1815
267895,68066,21685
80337,49643,0
441403,79962,3590
113030,69919,1117
85855,44544,350
186558,119655,800
263025,109100,720
256345,137859,0
104175,64179,1600
120477,37959,0
115635,52865,0
193010,63964,0
82471,42533,75
152559,57086,9930
178654,54578,0
384150,155433,0
102947,76378,1407
151091,73516,10995
436661,129751,8400
110185,73711,0
132500,56724,270
637858,178064,68250
128827,83708,1275
176904,82974,1140
109495,61847,1800
398092,93897,1135
152707,97174,1200
174384,50899,0
175900,76950,200
142591,70822,12300
482606,48640,76933
63595,49137,400
252910,108679,740
430983,68529,13950
280688,74627,0
100823,66863,14100
149758,94243,840
124466,47987,1100
98710,44876,1670
308070,63289,6000
266520,139236,11320
47686,24556,0
1198252,195555,82700
208820,58206,25090
77570,47572,250
146800,62574,2030
360693,128842,44155
192035,37816,0
86790,56909,0
1386450,152196,17500
43769,21743,0
465124,93387,0
244774,97523,3300
46396,22220,0
774838,103995,1100
151000,53163,0
82710,59604,268
784413,180022,1099
98610,83770,300
123591,74417,350
162609,106492,5660
165833,88538,1945
450028,88439,43400
219272,129761,9450
181355,68017,0
152016,52451,10300
447084,163770,116350
348815,44993,0
477655,170745,56645
949706,373759,4800
41385,16233,0
58787,55983,380
229690,103611,2350
120041,52497,0
67820,52700,500
151380,70653,1300
927373,125197,30800
183498,68328,0
163890,85527,770
204340,66080,3800
209922,72811,500
239037,139574,2728
94410,48356,900
247547,45803,0
127421,53032,0
112340,61835,0
218956,120599,1600
124825,36834,0
73838,63946,450
214120,85679,0
333518,38827,0
69962,24662,0
349386,93081,1400
162350,86310,20850
31519,18154,0
224000,51996,0
99942,74142,8995
725655,312099,33700
461050,131081,0
317284,81604,36040
254860,125355,0
794824,125256,0
280956,88808,7750
211700,119881,1670
494153,163613,12350
2350000,249642,75000
63185,33819,1266
244933,94209,0
178500,48179,0
98743,35862,1750
119768,46562,580
152683,86162,600
75185,51843,0
242582,49962,1700
165240,89348,2220
435316,117826,1650
122282,66614,270
212023,73141,0
31621,19022,0
84758,57812,800
329410,95263,930
164938,102894,460
77759,47136,1050
157400,42400,0
82184,42962,1390
292074,81530,540
67064,24189,0
167185,81996,2660
580517,173514,43500
57365,29154,0
328808,157089,240
130095,40847,50000
115871,56111,465
67972,48610,350
371591,99727,1850
450000,124112,0
289952,72478,13900
334274,176608,14239
43737,36944,0
614400,267171,76700
155900,77354,0
468782,211555,11400
35290,29690,0
247145,70690,43950
1041298,224051,59900
129898,62301,0
113100,43615,0
197948,144470,1020
65890,44956,0
58892,23432,0
95580,47810,0
285066,75802,60400
365297,160576,22969
103149,63711,20
594499,131820,80000
78133,23728,0
259820,78327,6525
94890,44964,0
648488,157610,18740
99390,58897,675
402624,86848,0
458119,121706,44650
74843,36052,0
292638,95348,1285
108104,75939,500
128881,52605,0
102006,45599,0
61159,75699,2450
129530,45286,0
324550,147268,4950
288306,97679,0
161936,65580,38300
568150,197835,6360
89011,65539,463
171684,118684,350
29692,14098,0
63064,49563,6800
238810,131077,8671
980000,164338,72000
209615,105142,2690
89859,43597,0
56337,49052,0
77418,26244,0
125808,49197,995
106403,76270,0
115970,33222,1160
314836,96652,16500
377360,174465,16220
294200,130676,39900
48533,18076,0
257222,79806,350
101937,37000,0
164080,122594,0
116480,58170,16450
334160,68940,0
185303,65392,37570
126047,74629,1160
173578,68345,2100
373319,97259,2350
292994,71408,400
61504,33571,0
122145,83555,3500
52057,31030,710
142619,64780,7020
114395,72894,1384
259937,61870,14030
302176,85258,31700
189256,65021,1700
247144,115088,1025
367517,175079,7350
108313,61881,200
81842,23849,0
190465,66807,1300
44817,26726,0
453130,83440,0
118329,71696,8950
112015,58915,1514
90410,58236,1650
119238,91223,2160
267844,76367,1000
194564,89252,1350
84400,58269,1200
230993,109196,1700
134838,50930,695
142180,51919,7350
68711,38238,80
201872,104894,2375
352189,48004,0
126001,70703,490
193472,86990,1160
121864,55916,375
68495,51223,1812
213955,103564,44830
112142,64023,0
165055,71027,250
69403,33039,0
710545,105726,41500
177931,94706,480
423985,101279,15000
1980000,134080,155000
38667,19810,0
53479,34135,360
189423,49869,14190
86653,55798,658
273279,57041,9250
72000,40375,0
150953,95042,630
87066,45990,0
118453,58737,0
310252,97308,0
443951,114727,14000
40947,47083,165
102127,55250,950
160816,27496,0
264714,110051,0
1561487,312026,40700
121548,76557,1715
127748,55762,100
181268,81630,14450
33863,13178,0
101735,32947,0
516794,169036,54200
181786,80375,700
91544,50968,3500
89279,67051,2115
123750,44861,0
166682,59051,1740
297856,84474,11600
844470,188801,55250
27897,15753,0
210520,120905,11670
146999,70780,25400
348093,82894,0
695210,225635,45500
274920,145819,24165
51693,40489,675
221696,140177,16940
247197,84515,0
1838084,204500,150540
98533,53642,3372
132377,22758,1300
159272,69433,460
94152,50170,820
104116,75471,420
91431,49441,700
511718,137922,42590
245545,46452,0
145561,98323,1283
140685,43478,26200
230133,107712,2904
557980,105779,2870
166678,103829,270
1054368,237951,3540
106235,41533,0
83375,63827,540
310182,160861,50
1081096,152123,57573
166397,60773,1169
206240,101966,0
275448,131982,584
123525,50479,2715
424000,179106,83620
117752,64439,11175
201483,92936,7469
121693,66931,0
465720,129751,0
128345,63067,1200
122338,55480,650
261282,144465,6040
48033,27340,0
585904,173826,0
57374,34422,150
111342,73024,864
342885,115187,0
204494,72455,455
582614,196439,40600
72030,15203,0
732268,157844,0
197027,95324,2550
228534,111732,1100
182263,77731,2645
79640,45432,0
43134,48383,870
69562,40935,0
270540,44481,0
51285,18696,0
882058,147699,400
47996,34835,0
219178,89259,34047
115520,107073,0
79832,65043,280
938692,257864,12100
152074,76024,28050
25784,16108,0
95385,83790,470
99766,58263,550
156633,64973,0
362000,131181,0
207034,48770,0
200330,67116,850
259815,151236,4750
103320,57365,807
32533,23423,0
195240,78704,1290
97236,33535,0
123337,21944,1450
238590,127397,0
89051,27357,0
197112,61061,5780
142440,19412,0
128515,101011,6780
140670,67405,0
133265,79631,1320
469767,185551,630
88759,46568,3190
49125,26557,0
214270,73569,6500
393356,138254,1700
234392,141462,150
132753,63979,11950
123015,47622,0
263200,197647,14699
796289,82761,0
34470,13738,0
65650,37162,2330
183335,74415,1470
393884,154859,600
214503,96530,6750
200436,87676,840
535899,92464,37850
53270,22532,0
233632,80346,1000
121790,60634,0
88190,30406,0
281647,97174,70
68680,22170,0
111779,61668,665
475463,40074,0
271384,83286,490
567983,194705,69036
151395,59989,4000
155060,79460,0
121450,53832,2370
120310,66654,0
475468,151847,2000
305669,78481,75287
252475,186486,15210
232823,117962,600
121691,75510,9280
310000,113107,13500
193065,115533,635
213535,95947,14200
161080,121206,1980
193910,65775,685
49331,26361,0
408653,97646,12130
180088,61726,0
136858,76241,4231
93426,61270,0
130635,88105,5500
152434,108702,11730
184638,114901,870
81200,28604,0
99325,54600,2175
97712,74751,2030
324706,163439,600
132300,55860,500
129178,53001,17631
148451,70055,2235
143562,65515,7850
272304,104975,6000
38139,9224,0
70087,39866,0
619710,138178,0
94495,35314,450
670403,216914,34000
87348,60319,396
144624,69904,0
136387,68226,1705
159800,92759,180
188100,53930,8760
44304,27715,0
70651,40350,0
86144,63163,700
170980,71843,1150
174235,95059,13460
790140,207789,150
153874,60189,1451
36136,25013,0
136220,43208,13900
142449,76079,1415
240268,86426,0
395084,85826,11060
119210,55993,0
130497,91830,15190
122450,70046,2450
396520,159503,2300
243300,94984,950
347418,92921,0
152003,42531,0
132998,89023,1150
270807,87770,2210
89023,52734,310
230568,88603,1920
441064,156733,39643
143911,52334,2300
123854,55404,17700
328247,126334,0
462595,100493,1650
171720,96889,0
442775,71056,2000
100714,54660,810
205420,45033,1120
182457,49494,620
200045,88498,0
145744,55192,170
412367,103792,20440
119029,62780,510
378450,81447,11450
97600,51826,536
97608,37238,0
72808,51780,0
320490,50529,0
118704,51707,0
153410,57331,22800
209159,63008,5027
91930,26343,0
127102,56805,1485
80448,43808,9028
243422,80892,42320
101350,52686,0
105639,83270,750
2546912,229260,110220
86324,46860,2510
189443,85754,0
143419,53155,2200
62219,42070,535
140905,45379,0
118030,62635,100
75880,56561,0
735148,162060,18100
527100,117218,12525
63140,51422,774
191652,37216,0
139640,66612,1245
91290,62110,550
93334,41253,405
281236,56971,0
222662,78398,19200
477246,161643,0
263570,146459,39340
455937,193533,49300
238817,106729,150
77750,38238,0
121150,53320,0
93690,63170,3450
98910,78022,0
224758,91064,7250
84601,38807,0
116515,66313,1600
113368,104264,1850
67548,34917,100
282409,166999,9100
214878,71458,1665
649771,120572,0
380369,121262,7150
104372,66389,868
75212,33600,650
636222,667876,27310
281215,91509,990
76800,40087,0
117610,64420,0
595225,127789,200
210634,92710,15160
257089,91067,16065
101704,71740,0
327592,240909,930
176650,81936,20100
261626,83547,1850
298600,101954,0
195623,105387,985
166169,54212,0
331722,94464,1000
302232,65418,0
162648,791848,1145
136069,73707,0
117990,44051,0
58347,38296,1030
59579,30629,0
241264,70725,600
111596,90765,0
237835,58988,920
940620,493457,380
402168,156753,33600
474401,141012,16980
162897,68627,0
146020,35728,0
92724,46936,0
509426,96330,0
218824,64097,0
44498,40260,0
107833,53827,3132
76460,54181,800
146560,60011,11390
98170,44430,0
107940,49671,0
78776,49718,0
117800,54092,1800
70069,14124,0
53598,27871,1950
135431,40657,0
126110,113430,8530
379926,140442,2400
166459,102622,550
94270,77556,1500
323835,68119,50200
82950,50363,1050
331584,603297,47300
170910,101743,1020
115855,36277,0
350405,144660,1460
121811,73564,705
345708,122557,20550
327110,96289,5940
123260,66625,1760
236780,81219,0
229760,97161,12700
170476,58052,0
67908,37178,0
186352,85954,900
145874,60197,0
86931,35453,0
485904,111608,13348
46188,24540,0
159057,78750,425
143319,61726,12236
323925,142099,27030
174170,64670,0
159497,76133,800
69225,32170,5740
566200,101653,91200
94397,59636,150
110090,76444,1050
615310,216424,2200
184805,45207,0
212011,88852,990
82025,57760,1895
212255,122130,700
228440,88355,3160
173346,75935,11690
139020,75696,280
312062,108994,0
202600,70579,2270
91620,51704,800
177602,64410,8116
313410,162897,10700
58696,27022,0
381336,134139,24000
254352,46347,15400
98730,66582,1110
136492,69092,18017
234636,100907,4340
61476,27247,400
135013,52459,0
139872,75696,1150
236258,78387,53500
60984,65177,0
183252,69702,4600
186233,84386,2604
52582,15615,0
179160,81799,465
52119,31570,0
1138000,176472,0
63114,15366,0
162190,100654,4000
332605,63065,2000
674285,168533,0
124502,74504,5000
315119,120076,3355
102320,86147,2260
88915,58565,1025
99476,70885,250
127567,100261,2050
163770,56119,0
111115,64102,630
354840,160271,1560
106273,48398,0
226890,94678,2350
133263,93145,1900
85566,34582,0
52071,23188,444
537002,178256,0
67432,35784,0
2029943,191472,0
73752,33166,0
329260,172830,350
85586,45393,570
612318,98320,0
339519,176040,1580
98205,52199,615
103175,57516,60
654682,310591,4760
402140,96635,0
1559930,273116,91000
149324,57239,0
845500,126078,0
78919,52654,670
126425,58724,900
78933,52277,1100
891201,236414,6960
258920,79745,28400
104174,21370,0
74700,32015,950
315870,110187,17300
302992,128436,1200
117191,58416,100
220702,107325,110
117830,68970,100
36977,18979,0
391230,60963,270
1028222,153479,0
107202,58666,610
127967,52123,950
110196,56098,800
149188,54563,1340
119581,60004,350
131758,44933,13000
185100,47676,4800
368851,122495,6065
91998,45409,1330
265546,35206,0
53660,51235,0
91703,38607,360
320675,112157,500
55945,32874,0
283372,79202,3510
80120,46857,0
100282,48105,15920
109225,77566,3220
262825,79345,0
183052,87640,0
82490,53735,0
185760,90145,1220
92350,53732,595
195036,105113,2540
32213,25297,692
637430,149631,0
160512,113592,4425
518805,139804,51300
1426285,237884,13300
486628,274609,800
103193,38001,1520
344900,123944,2060
97100,59999,0
134570,56904,750
293842,138340,0
105228,44749,2970
130623,61175,0
298538,82829,0
70700,44332,350
76184,30032,0
94785,46067,390
167287,68808,3555
261098,106032,550
45705,27787,0
135231,75781,1855
308805,127890,27330
261420,98849,1995
90885,41679,400
157685,56013,1170
358677,129825,0
90949,58580,1700
273240,111216,790
181915,86122,14676
74232,54127,100
192673,108242,1210
185727,54063,330
87246,62862,1100
228647,44151,0
112386,74778,165
52730,36130,680
541874,72496,0
1271949,152929,0
96968,79194,820
168235,65396,7737
110618,44899,0
132945,117341,1680
169238,106794,4355
156900,84865,4160
110918,44056,25130
52558,18396,0
745504,108008,47984
98532,60107,0
634376,94896,15400
98050,39694,0
83010,52607,450
79920,34827,0
232690,90851,31205
236315,107517,2140
603100,225636,23775
469988,141234,0
619194,88388,0
382900,102066,18135
87160,42103,0
149482,58365,1725
170331,64714,0
106585,55817,0
415275,129864,5260
295829,75027,20780
84330,45509,0
251234,115903,2550
74746,47165,8810
122640,55923,0
443582,152363,27650
180073,70295,0
72388,37357,100
190720,60800,17469
212249,92428,7300
176667,94479,8180
348890,95898,350
153684,119207,160
100713,50703,580
78201,38914,0
100705,55822,1200
538144,91060,0
357245,131000,1840
166414,61160,3462
46745,24233,0
297209,141221,1780
164896,85662,0
137580,84826,20820
545474,71400,0
55104,30734,0
123712,61793,0
998235,202412,0
314712,66717,12500
130833,51807,0
227194,159911,0
602420,114992,27667
220715,96880,0
98965,56175,0
707626,180358,24900
126798,63866,9120
198102,49901,0
368780,35155,0
454165,214866,56170
126080,50031,0
352368,162192,0
141543,67070,0
59540,21950,950
294121,86994,4000
341487,123144,4231
80962,23080,15700
155348,48345,0
167328,73942,950
212135,99796,1780
711687,117252,33300
137443,90534,1445
1398798,183561,11500
191954,95062,2975
408302,156196,26390
183630,77020,350
285036,98012,0
159300,70269,6315
93980,25596,0
111154,53648,421
277620,95581,9500
135010,64500,0
147797,47618,0
83720,36934,0
133969,54130,48560
119953,45013,4755
1013690,182338,30600
232120,173213,25400
131961,59394,970
269199,111775,57820
153768,38273,520
80881,50495,0
191164,104941,870
115346,61345,2380
138478,94269,12495
1103208,139855,21500
443280,42727,0
269693,126710,830
687960,116543,28700
146064,73293,23575
92052,53785,390
141045,65031,0
259674,219565,2770
244932,140198,2000
119500,33104,4225
91371,49603,1210
1538900,525265,64500
105286,60689,0
422724,102892,2040
238930,65789,0
134600,78593,200
64018,45012,585
96583,63970,2266
92520,44020,840
115982,35313,0
113967,55281,620
318715,143765,11490
137406,96136,1360
386420,82460,0
228838,72118,1860
693868,240747,6660
190010,155568,1500
152434,74307,0
198011,78518,250
151340,63726,2490
200457,53601,0
191177,89623,13480
255070,61479,910
268134,168268,2630
110240,64214,0
86184,36004,0
81006,48742,360
128666,76564,2615
260968,91646,6890
197038,88182,2040
84749,45726,1840
270365,163573,1600
205139,58933,1500
93952,55780,0
137858,55121,868
203555,51981,8600
182050,123061,1230
96477,48534,2990
314076,169812,0
262674,111269,22586
377060,76389,1500
26175,22443,0
208230,78345,750
206309,77698,0
55880,40591,1660
67110,24733,0
380228,91586,0
253072,93857,600
97434,57013,0
512636,135850,22000
109712,67742,3135
151462,72978,800
125416,86790,1250
337549,107155,26200
319872,83703,21805
108032,77542,90
328191,157247,14624
103520,65916,300
70450,47016,900
172500,69529,0
123065,47392,0
409990,92862,2000
253576,111881,95
310542,85546,1500
341773,103628,4752
116833,68830,2860
162704,53084,345
435930,121188,13230
225300,85439,0
139299,79571,1080
93335,49754,0
534614,129897,550
542160,103940,16870
73002,54778,1678
79680,49318,658
1131795,315557,92250
284240,222733,50200
269095,52003,17250
104396,35843,200
86100,45318,1050
194495,97860,500
157507,82698,3762
109730,69780,830
241977,114716,9025
107244,58182,440
236865,87992,0
90330,39671,2990
430148,133123,3590
185265,69269,0
163153,57658,4120
155230,76502,1735
110710,67645,0
242283,122823,1320
316700,151377,3800
82200,25053,0
236600,91048,3985
188349,105244,2230
438554,190471,1310
100551,56902,1020
247630,107202,0
300390,128267,3925
87817,56297,34050
125997,50707,12500
84939,40459,200
553988,91324,30392
57285,30801,0
233286,60063,980
97042,58607,300
340750,113346,1080
111342,58268,2779
84715,64417,750
84973,42383,0
142678,55167,0
794084,179889,75450
102685,38361,870
591484,247300,3595
162863,81117,841
218752,108843,720
524844,229874,7090
265679,117397,2120
155679,115021,950
351355,83473,9500
79968,55999,0
87613,45556,0
105418,65907,2350
86520,53201,1190
179250,105895,1500
79925,48761,100
47630,23140,0
120720,49712,2680
332878,75454,0
159700,82929,20800
46609,20824,0
455237,77054,0
159825,82175,800
149025,105874,680
148826,53773,0
44426,25438,0
266593,117034,0
72412,31152,750
181397,86607,6845
269560,126414,3010
149103,48026,0
317438,88061,0
565677,134298,4040
172305,61599,600
132944,90302,0
200320,122222,1020
175244,92660,1200
273108,75980,0
265387,119283,3725
105600,49900,0
105565,47899,1830
85790,32249,0
180600,59069,1026
50722,32554,0
111250,59705,2757
180768,89084,2510
229353,48794,750
106937,62590,0
109223,73600,150
96551,75362,2360
239966,114776,0
59546,19233,0
174440,92792,0
51284,41999,600
157714,56166,1949
116545,48335,490
238074,99298,460
97579,52787,0
77953,57209,555
188160,101968,0
224618,119800,0
199160,78325,1700
376313,156117,1520
658398,184637,47140
231520,61217,770
227008,110280,8800
69402,34165,75
250267,116323,2030
114212,61932,4100
440835,170045,0
227340,52657,0
671062,208380,0
156700,122985,1365
84998,42165,1050
92228,68153,630
298381,155688,340
645841,183002,66005
41448,17894,0
98925,51528,2400
408882,91835,0
200110,91882,0
877830,162905,3448
143861,80235,0
152473,35952,0
273878,108170,1640
97502,61705,1550
176160,78776,1510
55207,57637,1750
217102,75759,36950
183730,71877,4860
920018,229452,94961
687474,140957,0
179542,74542,22000
99660,61202,540
108160,67860,0
927593,161356,17650
78944,48490,1470
470510,101698,72160
1162500,301904,147200
308974,179940,150
221558,96188,3850
119233,48223,540
134883,58201,1879
279164,140161,1460
77777,84893,225
439562,126590,0
27433,17786,395
260322,99869,0
1548580,180539,48618
83082,54006,730
45650,42433,0
113552,48224,0
77908,47093,210
189387,66689,25340
106490,57198,2585
53068,40161,690
135232,59614,3850
441258,163157,1600
252025,163958,36205
253135,54209,0
111132,74864,2509
480778,86304,0
694023,64692,24914
210956,63972,0
539988,151209,87915
152912,94920,0
66118,44909,1500
99923,55217,1070
87834,36476,0
33020,24467,0
320102,98305,0
48695,25961,0
84385,52803,8270
73828,38536,200
134803,72106,750
92108,57392,1230
87380,53667,500
153250,53199,0
282704,110435,500
150371,53026,0
212404,88916,0
520308,164839,3400
119606,57398,860
115682,45624,0
130145,59998,1120
93685,73441,3190
195513,80629,0
544130,115448,0
78495,61400,1650
141718,91337,1830
144505,71369,1782
1027386,239399,9500
163035,54878,10590
67749,35583,800
105335,60425,668
135990,76736,6915
191468,70227,1770
575217,125516,6400
261415,69265,53800
95212,72330,3620
51995,27241,0
424400,120702,1900
80413,57496,0
314094,26388,0
178340,66920,710
337132,125015,3990
565651,134439,2740
486126,86212,100
114726,65400,0
58498,25707,0
134379,78618,450
81301,65208,1140
134640,93858,16530
285307,35971,510
96594,62447,110
87140,82318,830
450940,148504,17500
112346,92397,1150
130147,45713,0
131817,54124,1379
149202,61322,0
130430,56808,1130
191760,101529,1570
140115,62906,0
65592,38003,370
89234,45510,0
160399,108016,645
1595230,287873,220000
217700,102643,640
226998,69896,16000
156175,73568,27500
414472,171422,4550
290760,75876,19000
136541,96800,2050
217236,128775,1070
298365,77161,0
454705,73519,0
108014,41692,0
83460,49571,1195
367406,200629,11320
112020,43638,3120
113292,56503,2600
92719,54761,0
42660,27982,0
312865,119992,1327
117468,70047,1020
54804,28594,0
232562,83943,0
63380,61370,3460
177873,89258,530
124565,53066,0
181549,117064,4600
446965,117440,0
140560,70632,130
113850,63485,0
218255,78905,0
205156,80660,5800
622222,164871,11190
946296,57009,0
311845,80305,3370
272276,85692,2300
374346,38446,0
98548,58958,2570
445070,122751,39450
588832,75723,0
149043,122561,11804
745308,206291,11350
282340,72487,0
402008,87578,0
167736,56487,0
143090,50469,400
42352,25890,0
112156,47284,815
99190,61501,0
525210,152556,800
334461,150822,7050
128292,78896,0
408400,130246,54440
161200,24781,0
54090,25117,0
188290,95886,2622
98305,37688,250
132008,49357,390
71466,61274,2170
117660,70121,1300
122025,47830,620
316646,167833,795
299886,87605,19855
1165380,158236,0
392793,86799,50475
415208,81201,0
453752,118341,250
258546,59318,1190
27851,23161,270
102766,63140,710
193424,87542,0
105203,73299,2440
277450,63540,700
119625,64780,0
109235,41993,330
39265,13550,150
153187,71967,0
268000,197732,600
474146,124400,9840
88544,42875,80
115596,67557,800
216005,112214,5200
72117,44636,650
246048,153314,570
123477,66753,13300
213761,85971,260
902916,99363,2450
143727,70960,1630
120500,41685,0
28944,11856,0
92399,60926,790
102387,57304,0
100472,32300,6300
62870,39462,225
286072,116210,1085
801098,65005,0
195515,96683,0
521200,163269,1570
42379,28345,0
269659,51992,0
439056,183257,22225
20011,15345,0
146763,102385,1785
352952,93499,12200
239106,90716,730
145745,67090,24340
184290,65464,730
126110,41750,0
172810,68898,1840
240160,99048,9500
56205,22474,0
442803,193579,84100
516779,119799,2930
129509,74914,105
721482,57928,8500
66386,44627,48
82639,37336,860
198545,142709,385
160198,48406,0
358317,137208,16000
151350,73393,0
99582,54518,832
603781,128846,19500
353144,99459,0
166910,76651,14067
425200,90280,95200
272969,111301,3600
159980,85616,7334
326090,142485,26300
215349,96025,7950
150408,73640,740
137380,73533,0
65273,25631,0
792365,187699,1150
199615,85386,1090
398094,140469,12100
94681,45645,1800
103694,42305,800
844160,250037,82250
168271,76289,227
91849,72119,2900
95570,48203,2445
84615,41645,1710
110870,64305,250
55932,39772,660
62440,52209,760
222352,87866,9280
291203,146074,3540
245640,117222,5300
194700,111902,300
202652,80539,0
111371,47633,2012
89810,72161,1275
284491,127367,1370
58110,24439,0
90881,28806,0
206115,45501,3754
278324,107225,18120
223178,85767,0
75122,39445,550
61518,38677,0
79153,34977,395
166435,78521,1811
253296,121571,0
260298,141837,0
169483,86669,430
92922,36408,445
94135,41557,1910
382860,100417,66900
98880,55640,26520
2424310,434908,55000
180486,94559,2244
132122,65759,200
35637,17009,0
133370,69898,2125
1335390,97613,0
451688,137551,8620
160690,60761,485
702246,119267,5229
239150,126597,15700
18756,29684,0
390072,93919,0
227968,109451,0
152094,64120,380
120592,57371,100
96925,42921,785
196867,62675,44850
101562,175720,300
425947,144715,5310
177408,88775,0
44940,33083,0
229427,161311,11563
39012,19193,0
258036,105916,770
374128,93766,1500
112860,61362,1075
209548,94992,20090
77938,67498,3360
162467,55937,7900
114959,61706,5
760397,163978,23450
227640,152725,12060
173271,124622,14500
90489,47429,1100
92542,41066,0
140574,75472,0
196160,80137,1100
112710,79547,1110
282810,125379,15100
90350,60954,1550
304777,110978,1875
868494,86909,0
576190,201316,0
112169,79057,4975
123800,59979,0
571300,126230,0
4005640,321779,246200
721946,155745,0
86460,47934,182
272050,94000,9100
398643,139225,1280
79106,66302,656
96475,63631,1225
279353,79594,5454
194550,54462,440
219822,70902,420
245153,135932,5039
1036570,258971,0
346577,84361,50380
93375,23723,0
109561,57587,550
60110,34224,0
468660,135115,20530
1234780,291403,85720
106290,49689,10170
491179,142004,20551
103760,37114,0
90089,60757,1095
106970,56469,0
134956,57530,10800
141260,57194,43780
244638,151733,6200
491870,160573,1080
56776,43577,0
88996,57494,1545
104439,76226,962
102577,38499,0
143918,51113,0
175995,74046,2885
71182,51475,520
127660,57932,1230
106840,46442,883
148140,88180,1985
616761,115340,15850
343024,113143,2230
415402,105675,9810
81868,38169,400
42378,12300,0
113500,44734,150
443060,86640,25000
156048,33988,27770
1584938,380357,106000
198420,78638,630
388518,84551,0
31693,16210,0
158260,44622,0
141320,54162,380
349807,107213,555
288785,136741,23920
90235,49961,26990
71316,117073,8095
283990,92802,24550
374882,72894,0
141991,43447,0
318240,109857,1390
390657,157625,71840
298426,105227,0
341404,167046,1250
160768,70956,2460
77260,37194,1970
124631,67954,490
230400,86671,2260
156600,73882,0
127990,75835,9470
79487,31299,0
95917,27428,1155
253200,104729,0
247130,130397,0
170655,97042,0
358708,123553,23760
449773,198031,4750
183828,116421,1980
70088,32476,0
125020,40775,0
110261,71615,3790
139533,63548,0
90803,58927,360
252000,95320,9500
212700,78317,0
213528,74122,4280
34344,18601,0
341650,93459,67850
1278446,125904,11990
128434,37246,0
146996,53298,686
104502,30577,0
722025,129014,42068
101900,35925,14550
337750,103539,0
418572,197286,24300
151072,19469,0
821833,169516,64700
226162,77005,1450
312096,60736,0
109890,37274,730
129385,57006,2995
1598270,278389,87000
450217,187018,0
425155,87749,27950
136934,86715,300
68633,41587,1935
1167600,173492,130000
281529,99468,1900
55458,34793,0
65793,43690,372
126340,70842,0
222560,105871,36983
162449,109827,1660
495070,105382,4304
139057,42834,19000
54464,38298,340
356765,79334,20500
76486,38589,0
351990,171879,0
83167,49070,0
229950,90347,584
468532,253572,11820
186460,46021,700
570324,136028,0
75511,48181,0
500477,165508,0
406480,129004,1878
226042,95097,3090
560900,85808,2520
158740,93169,11105
192246,149620,1790
92920,63154,580
500356,100556,680
144248,69365,0
58139,16893,250
388540,122446,1030
132875,69216,0
74755,48255,300
690190,168827,5650
72842,44366,1010
213740,94598,12545
207570,86687,856
58470,30666,0
966098,184651,50800
79475,38975,0
581887,170084,2415
214350,90606,7290
511900,166848,2570
70458,44622,0
128629,27615,0
255607,66623,20000
156558,47152,600
193055,63565,325
89039,34327,0
747228,117453,101000
87768,47006,6700
149982,87841,0
354416,127227,46200
141389,65338,1590
373734,102971,0
170884,67266,0
175781,77513,784
510937,261778,51639
141244,26613,0
593491,145610,670
53158,43001,910
200660,101017,750
100452,36199,600
585328,138991,0
118245,74614,2440
771424,254717,22569
70467,46259,250
110397,138659,9640
92375,54391,2995
567200,181322,143600
361800,119548,2370
398565,78352,11770
113421,56057,770
177920,101471,600
148455,90922,3180
631376,230343,35800
147499,112431,1370
305292,125236,925
91480,37729,0
598885,147243,700
103895,45417,900
137187,36335,0
258762,162424,2260
118285,62838,850
115235,69418,150
277327,74145,1450
184334,93240,0
72595,49696,710
134015,95584,370
195330,66106,1730
101572,68042,630
413748,101472,38200
418363,173066,13100
195642,80947,31990
126106,55039,6675
79770,48432,660
1245730,145218,49560
75340,40015,0
321763,130463,500
187544,96755,12950
138260,71008,150
86982,41463,15000
219657,116029,930
1123410,111235,18000
129352,70904,200
131425,77004,0
82955,47463,675
154043,66613,0
369249,216100,3100
226774,86342,0
307990,102044,8200
173894,75203,4030
236755,103066,872
223950,129427,10500
180765,55332,1040
370253,129910,13500
112723,43886,0
195351,79689,910
43155,29211,60
499529,173200,0
69809,46017,0
110770,44370,0
59672,40092,0
702160,168680,66325
164395,90939,3510
54656,31075,1400
403454,83794,23200
104392,60447,870
102999,73950,1700
451737,104474,39500
481202,131357,1220
78230,74430,1225
117835,47973,0
97951,60294,0
78195,33374,1775
38434,15805,0
212221,77964,0
53600,39443,0
117750,50119,1950
31724,8977,0
102365,90410,1500
570341,179136,23700
102580,70588,1400
276040,75777,45280
634600,158174,112000
411571,140453,31000
180846,103523,1100
75925,48563,2361
143659,60760,9550
1194404,204365,49150
87752,64503,380
95555,46684,0
399441,116473,0
289046,142346,1420
158600,45135,0
93526,49892,0
267389,105718,815
48612,23508,510
152433,36797,0
132535,68192,948
128462,58097,690
77430,45246,0
492615,131904,0
343167,120405,360
73627,41919,0
344190,111473,0
127598,63885,12450
973780,199416,29080
257234,96576,14250
123868,70571,990
270834,65252,0
32809,19922,635
507420,165014,1542
211086,63788,949
102897,27888,0
102492,65702,8108
238810,84821,0
87281,43156,1675
87381,38935,925
141635,88011,26400
509220,122853,58670
192145,79096,810
320393,57275,850
268365,98548,0
337309,74646,0
103025,37147,200
158390,66721,0
97358,61670,1100
137029,85504,6600
146575,58284,150
239200,127903,900
106157,31779,300
123078,54841,150
96190,65392,1210
196380,84197,820
96407,39912,0
106096,67584,50
114593,73335,2200
117269,83174,660
804460,117018,5000
163435,117873,17800
157491,62868,586
56935,19702,0
234928,75250,1300
387348,72518,6900
160710,60646,250
306600,127807,0
169382,87108,1000
125970,98883,280
450919,85160,2160
243850,31679,0
217124,71581,15033
72712,51958,586
79825,47715,2190
77495,41452,1370
906167,243554,26280
134171,67493,1100
110987,43025,1096
160946,93436,200
588285,121392,9750
160010,78852,10700
288026,90968,3140
113060,68816,500
146622,43560,0
382940,131176,0
269900,86463,0
463032,158948,37500
129074,89532,1885
121815,64045,500
383064,133657,6000
50194,35240,1270
106333,70367,1260
243630,90400,1940
106372,51834,470
97907,54804,560
78789,22746,0
81467,56518,300
340752,117027,16000
232147,70580,650
105463,41552,23515
138634,61614,3600
198022,93480,0
95771,59613,680
1084086,203746,0
59600,33759,2100
116092,69459,17688
243505,91508,50100
183893,55320,0
177410,56096,3330
169282,80833,23200
120710,77248,790
127781,107579,6200
247995,95434,590
210396,72870,380
116495,37748,30880
341999,90624,0
271817,116990,1150
1554950,168689,47450
310120,119342,7350
253679,64924,0
141880,54581,0
775400,165999,36000
52163,33354,0
146600,66854,12000
365762,109059,2430
259690,73687,0
436784,167330,0
185970,103235,372
152815,112073,1480
46828,17284,0
54898,47927,150
427337,101599,51600
4942530,213265,36870
120400,76093,300
397002,149034,0
211035,89072,0
260340,230695,140
151520,70029,1550
779395,170582,3180
88020,29198,0
190200,38469,0
58770,30783,0
55232,40449,310
116605,45272,0
263000,88376,0
180800,94744,1620
205100,48122,0
124612,38908,0
188210,104062,549
98355,38522,0
549687,143181,1600
283370,63606,0
93310,31316,0
280498,161672,3720
873234,103244,58170
110496,67934,4880
534211,118637,0
189123,75681,400
140218,36946,0
115400,73050,1000
260851,151825,1150
103216,53236,2750
166277,68913,9250
73766,50591,0
1040616,178928,11755
92668,52988,1420
144840,94199,8600
186673,72545,0
137084,67770,1200
777500,151189,1600
98048,71334,1210
90484,57413,1877
55620,27026,175
176190,86966,70
100796,68538,975
84290,37786,890
151593,40567,0
70140,48420,225
48357,54227,720
268919,98010,14500
934852,223910,65000
48490,20987,0
124896,45325,625
31623,24893,0
89560,82054,0
457838,276122,8140
231245,31295,0
63186,52402,760
352300,65760,0
225036,110894,4300
169520,67798,0
197060,67998,0
137855,71937,2170
217278,76421,10805
212620,70685,0
437420,154335,460
124272,67784,2850
671261,98211,6000
64655,44349,300
108140,61891,765
165960,87245,7140
79117,49657,0
745412,168028,0
201226,66725,5650
236232,95059,800
184538,87813,0
161345,86562,3800
140613,81689,6965
1536242,191096,15000
221240,59123,1320
73477,46870,0
69495,39778,0
356483,101472,6830
81629,50891,270
64748,28700,390
80332,40393,980
69102,32387,0
170027,90149,1000
219795,45282,960
183936,52740,450
207336,115449,1150
129702,60302,540
481530,82011,1530
100513,38371,0
72162,26462,0
320418,86315,0
71168,27100,0
366654,70691,3600
147839,53604,0
124206,68892,335
426450,97517,22400
101243,39080,300
116992,62821,1860
175138,129868,350
227242,89840,17370
197812,113116,1100
73567,28458,0
505518,81215,0
778760,249315,95700
237200,108796,35290
497634,127643,12300
332132,173937,4700
413261,105994,57055
71857,30211,0
51145,37921,2500
234120,122055,4600
93175,28649,400
210000,99603,820
136485,75347,2380
202301,84719,500
228443,107050,8000
380960,135849,680
335616,94604,0
25666,14301,0
202010,68038,2825
324385,116616,345
748984,232897,11000
