date,sum,refund_sum,donations,refunds,avg,max,ytdsum,ytdloss,week_day
2020-01-02,62419.79,0.0,3342,0,18.677376000000002,1040.0,879029.0,0.0,Thu
2020-01-03,37983.67,0.0,1949,0,19.488799,1000.0,917012.67,0.0,Fri
2020-01-04,26219.1,0.0,1337,0,19.610395999999998,208.0,943231.77,0.0,Sat
2020-01-05,33856.07,0.0,1289,0,26.265376,5596.86,977087.84,0.0,Sun
2020-01-06,26447.11,0.0,1347,0,19.634083,699.67,1003534.95,0.0,Mon
2020-01-07,22572.71,0.0,978,0,23.080481,5000.0,1026107.66,0.0,Tue
2020-01-08,18859.05,0.0,854,0,22.083197,1622.4,1044966.71,0.0,Wed
2020-01-09,13267.01,0.0,678,0,19.567860999999997,206.77,1058233.72,0.0,Thu
2020-01-10,11690.55,0.0,652,0,17.930291,208.0,1069924.27,0.0,Fri
2020-01-11,12898.58,0.0,596,0,21.641913,1040.0,1082822.85,0.0,Sat
2020-01-12,15694.3,0.0,595,0,26.376975,1111.06,1098517.15,0.0,Sun
2020-01-13,11404.83,0.0,536,0,21.277668,577.75,1109921.9800000002,0.0,Mon
2020-01-14,18024.59,0.0,687,0,26.236666999999997,3120.0,1127946.5700000005,0.0,Tue
2020-01-15,13471.52,0.0,624,0,21.588974,1000.0,1141418.0900000005,0.0,Wed
2020-01-16,12452.04,0.0,583,0,21.358559,520.0,1153870.1300000004,0.0,Thu
2020-01-17,9354.58,0.0,468,0,19.988419,651.2,1163224.7100000004,0.0,Fri
2020-01-18,11784.24,0.0,425,0,27.727624,2000.0,1175008.9500000004,0.0,Sat
2020-01-19,12291.54,0.0,411,0,29.906422999999997,2000.0,1187300.4900000005,0.0,Sun
2020-01-20,10155.98,0.0,430,0,23.618558,1000.0,1197456.4700000004,0.0,Mon
2020-01-21,9952.86,0.0,391,0,25.454885,1560.0,1207409.3300000005,0.0,Tue
2020-01-22,759332.08,0.0,10872,0,69.842907,6000.0,1966741.4100000008,0.0,Wed
2020-01-23,9156.81,0.0,418,0,21.906244,398.03,1975898.220000001,0.0,Thu
2020-01-24,8136.09,0.0,417,0,19.511007,520.0,1984034.310000001,0.0,Fri
2020-01-25,12496.57,0.0,379,0,32.97248,1661.14,1996530.880000001,0.0,Sat
2020-01-26,5663.21,0.0,324,0,17.479043,250.0,2002194.090000001,0.0,Sun
2020-01-27,14408.39,0.0,598,0,24.094298000000002,900.0,2016602.480000001,0.0,Mon
2020-01-28,16937.54,0.0,528,0,32.078674,1003.08,2033540.020000001,0.0,Tue
2020-01-29,9292.52,0.0,305,0,30.467278999999998,2080.0,2042832.540000001,0.0,Wed
2020-01-30,7986.95,0.0,351,0,22.754843,520.0,2050819.490000001,0.0,Thu
2020-01-31,16382.41,0.0,291,0,56.296942,6240.0,2067201.9000000008,0.0,Fri
2020-02-01,6557.8,0.0,318,0,20.622013,500.0,2073759.700000001,0.0,Sat
2020-02-02,6663.67,0.0,290,0,22.978172,616.47,2080423.370000001,0.0,Sun
2020-02-03,7580.67,0.0,279,0,27.170859999999998,1622.4,2088004.0400000003,0.0,Mon
2020-02-04,210716.97,0.0,17463,0,12.066482,577.09,2298721.0100000007,0.0,Tue
2020-02-05,48631.79,0.0,3528,0,13.784521,1628.64,2347352.8000000007,0.0,Wed
2020-02-06,356928.05,0.0,33074,0,10.791802,1040.0,2704280.850000001,0.0,Thu
2020-02-07,79379.6,0.0,5822,0,13.634421,1040.0,2783660.450000001,0.0,Fri
2020-02-08,34301.99,0.0,2261,0,15.171159,2286.38,2817962.4400000013,0.0,Sat
2020-02-09,28486.69,0.0,1753,0,16.250251000000002,1675.44,2846449.1300000013,0.0,Sun
2020-02-10,26753.7,0.0,1820,0,14.699835,200.0,2873202.8300000015,0.0,Mon
2020-02-11,226690.31,0.0,27319,0,8.297899000000001,416.0,3099893.140000001,0.0,Tue
2020-02-12,183907.28,0.0,28690,0,6.410153,350.79,3283800.4200000013,0.0,Wed
2020-02-13,218137.24,0.0,19177,0,11.374941,1135.17,3501937.660000001,0.0,Thu
2020-02-14,44107.79,0.0,3587,0,12.296567999999999,218.03,3546045.450000001,0.0,Fri
2020-02-15,22401.04,0.0,1655,0,13.535372,250.0,3568446.490000001,0.0,Sat
2020-02-16,19392.61,0.0,1299,0,14.928876,564.78,3587839.100000001,0.0,Sun
2020-02-17,17372.69,0.0,1251,0,13.887042000000001,200.0,3605211.7900000014,0.0,Mon
2020-02-18,12949.94,0.0,897,0,14.436945000000001,270.83,3618161.7300000014,0.0,Tue
2020-02-19,321585.12,0.0,28201,0,11.403323,750.0,3939746.850000001,0.0,Wed
2020-02-20,105179.92,0.0,9228,0,11.397911,2000.0,4044926.7700000014,0.0,Thu
2020-02-21,28423.21,0.0,2222,0,12.791724,250.0,4073349.9800000014,0.0,Fri
2020-02-22,16205.36,0.0,1248,0,12.985064,224.58,4089555.3400000012,0.0,Sat
2020-02-23,14772.32,0.0,1046,0,14.122677,260.0,4104327.6600000006,0.0,Sun
2020-02-24,15483.91,0.0,1081,0,14.323691,269.92,4119811.5700000008,0.0,Mon
2020-02-25,12400.79,0.0,837,0,14.815759,520.0,4132212.3600000013,0.0,Tue
2020-02-26,12500.46,0.0,817,0,15.300441000000001,1065.0,4144712.8200000008,0.0,Wed
2020-02-27,188273.17,0.0,13629,0,13.814159,543.05,4332985.990000001,0.0,Thu
2020-02-28,222668.28,0.0,6257,0,35.587067,4000.0,4555654.270000001,0.0,Fri
2020-02-29,21033.7,0.0,1313,0,16.019573,516.75,4576687.970000002,0.0,Sat
2020-03-01,19936.91,0.0,1181,0,16.88138,310.05,4596624.880000002,0.0,Sun
2020-03-02,17081.33,0.0,1134,0,15.062901,260.0,4613706.210000002,0.0,Mon
2020-03-03,151127.2,0.0,23567,0,6.412662,211.36,4764833.410000002,0.0,Tue
2020-03-04,313434.2,0.0,40839,0,7.674875,1617.2,5078267.610000002,0.0,Wed
2020-03-05,328271.68,0.0,37550,0,8.742255,1000.0,5406539.290000002,0.0,Thu
2020-03-06,157876.65,0.0,22195,0,7.113163,795.0,5564415.940000002,0.0,Fri
2020-03-07,145239.34,0.0,20717,0,7.010636,581.11,5709655.280000002,0.0,Sat
2020-03-08,124327.69,0.0,17866,0,6.958899000000001,558.76,5833982.9700000025,0.0,Sun
2020-03-09,99942.58,0.0,13758,0,7.264325,1040.0,5933925.550000003,0.0,Mon
2020-03-10,97204.3,0.0,13081,0,7.430953,500.0,6031129.850000002,0.0,Tue
2020-03-11,250088.12,0.0,27345,0,9.145662,553.77,6281217.9700000025,0.0,Wed
2020-03-12,292874.25,0.0,29884,0,9.80037,588.07,6574092.2200000025,0.0,Thu
2020-03-13,24529.27,0.0,1787,0,13.726507999999999,500.0,6598621.490000002,0.0,Fri
2020-03-14,18729.22,0.0,858,0,21.828928,5000.0,6617350.710000003,0.0,Sat
2020-03-15,16384.38,0.0,891,0,18.388754000000002,1000.0,6633735.090000003,0.0,Sun
2020-03-16,8604.03,0.0,655,0,13.135924,312.0,6642339.120000003,0.0,Mon
2020-03-17,9536.09,0.0,616,0,15.480666000000001,465.0,6651875.210000003,0.0,Tue
2020-03-18,6802.98,0.0,506,0,13.444625,114.4,6658678.190000002,0.0,Wed
2020-03-19,8640.45,0.0,487,0,17.742197,500.0,6667318.640000002,0.0,Thu
2020-03-20,9580.61,0.0,531,0,18.042579999999997,341.7,6676899.250000003,0.0,Fri
2020-03-21,6873.28,0.0,381,0,18.040105,1000.0,6683772.530000002,0.0,Sat
2020-03-22,8517.19,0.0,421,0,20.230855,1155.37,6692289.7200000025,0.0,Sun
2020-03-23,6320.25,0.0,394,0,16.041244,300.63,6698609.9700000025,0.0,Mon
2020-03-24,5268.37,0.0,370,0,14.238838000000001,144.24,6703878.340000004,0.0,Tue
2020-03-25,6825.6,0.0,374,0,18.250267,648.0,6710703.940000002,0.0,Wed
2020-03-26,5329.65,0.0,346,0,15.403613,500.0,6716033.590000004,0.0,Thu
2020-03-27,30686.18,0.0,2928,0,10.480253,1083.32,6746719.770000002,0.0,Fri
2020-03-28,5350.27,0.0,328,0,16.311799,221.0,6752070.040000003,0.0,Sat
2020-03-29,8349.67,0.0,352,0,23.720653,1040.0,6760419.710000003,0.0,Sun
2020-03-30,59035.6,0.0,3008,0,19.626197,3000.0,6819455.310000002,0.0,Mon
2020-03-31,24157.02,0.0,2112,0,11.437983000000001,780.0,6843612.330000003,0.0,Tue
2020-04-01,72045.19,0.0,6403,0,11.251787,903.0,6915657.520000002,0.0,Wed
2020-04-02,58537.73,0.0,5461,0,10.719233000000001,3433.62,6974195.250000003,0.0,Thu
2020-04-03,44462.54,0.0,4606,0,9.653178,2193.0,7018657.790000003,0.0,Fri
2020-04-04,42174.05,0.0,4533,0,9.303783000000001,1040.0,7060831.840000003,0.0,Sat
2020-04-05,40927.45,0.0,4334,0,9.443342999999999,226.67,7101759.290000003,0.0,Sun
2020-04-06,36975.98,0.0,3539,0,10.448144000000001,2179.55,7138735.270000002,0.0,Mon
2020-04-07,169881.34,0.0,11792,0,14.406491,4497.73,7308616.610000002,0.0,Tue
2020-04-08,78516.67,0.0,7707,0,10.187709,798.0,7387133.280000002,0.0,Wed
2020-04-09,97782.19,0.0,10093,0,9.688119,565.2,7484915.4700000025,0.0,Thu
2020-04-10,88355.55,0.0,9078,0,9.732930999999999,826.54,7573271.020000002,0.0,Fri
2020-04-11,75534.39,0.0,7953,0,9.497597,500.0,7648805.410000003,0.0,Sat
2020-04-12,70691.35,0.0,7185,0,9.83874,621.5,7719496.760000003,0.0,Sun
2020-04-13,66993.64,0.0,6940,0,9.653262,547.03,7786490.400000002,0.0,Mon
2020-04-14,145894.49,0.0,11523,0,12.661155,1094.06,7932384.890000002,0.0,Tue
2020-04-15,460289.25,0.0,34483,0,13.348295000000002,4000.0,8392674.140000002,0.0,Wed
2020-04-16,54261.23,0.0,5454,0,9.948887,312.0,8446935.370000003,0.0,Thu
2020-04-17,49214.83,0.0,5045,0,9.755169,284.23,8496150.200000003,0.0,Fri
2020-04-18,49889.54,0.0,4930,0,10.119582000000001,1040.0,8546039.740000002,0.0,Sat
2020-04-19,47820.26,0.0,4773,0,10.018911,500.0,8593860.000000002,0.0,Sun
2020-04-20,43927.58,0.0,4202,0,10.45397,500.0,8637787.580000002,0.0,Mon
2020-04-21,94861.67,0.0,7242,0,13.098822,1087.8,8732649.250000002,0.0,Tue
2020-04-22,47119.7,0.0,4078,0,11.55461,1012.2,8779768.950000001,0.0,Wed
2020-04-23,364294.45,0.0,25257,0,14.423504000000001,1128.06,9144063.4,0.0,Thu
2020-04-24,110239.95,0.0,8160,0,13.509798000000002,1500.0,9254303.35,0.0,Fri
2020-04-25,63211.55,0.0,5447,0,11.604838,323.94,9317514.9,0.0,Sat
2020-04-26,56790.35,0.0,4887,0,11.620697999999999,500.0,9374305.25,0.0,Sun
2020-04-27,242288.41,0.0,18332,0,13.216693,570.0,9616593.66,0.0,Mon
2020-04-28,54648.56,0.0,4423,0,12.355541,259.2,9671242.22,0.0,Tue
2020-04-29,42255.39,0.0,3796,0,11.131557,516.0,9713497.61,0.0,Wed
2020-04-30,272557.93,0.0,20038,0,13.602053,1040.0,9986055.54,0.0,Thu
2020-05-01,69164.03,0.0,4067,0,17.006154000000002,2500.0,10055219.57,0.0,Fri
2020-05-02,37686.52,0.0,2746,0,13.724151,1040.0,10092906.09,0.0,Sat
2020-05-03,30734.72,0.0,2491,0,12.338306,260.0,10123640.81,0.0,Sun
2020-05-04,28135.93,0.0,2140,0,13.147631,1040.0,10151776.74,0.0,Mon
2020-05-05,33631.24,0.0,2215,0,15.183404000000001,4775.0,10185407.98,0.0,Tue
2020-05-06,302356.95,0.0,19644,0,15.391822,1136.3,10487764.93,0.0,Wed
2020-05-07,330723.92,0.0,23984,0,13.789356,2080.0,10818488.85,0.0,Thu
2020-05-08,55286.42,0.0,3954,0,13.982403,644.08,10873775.27,0.0,Fri
2020-05-09,33335.97,0.0,2469,0,13.50181,1000.0,10907111.24,0.0,Sat
2020-05-10,34947.9,0.0,2503,0,13.962404999999999,1040.0,10942059.14,0.0,Sun
2020-05-11,29794.79,0.0,2473,0,12.048035,337.14,10971853.93,0.0,Mon
2020-05-12,32266.97,0.0,2655,0,12.153284,360.0,11004120.9,0.0,Tue
2020-05-13,127195.53,0.0,8439,0,15.072346,600.0,11131316.43,0.0,Wed
2020-05-14,45153.06,0.0,3180,0,14.199075,5151.41,11176469.49,0.0,Thu
2020-05-15,36184.65,0.0,2743,0,13.191633,1127.58,11212654.14,0.0,Fri
2020-05-16,38040.86,0.0,3083,0,12.33891,1352.0,11250695.0,0.0,Sat
2020-05-17,30284.2,0.0,2912,0,10.399794,305.27,11280979.2,0.0,Sun
2020-05-18,29963.63,0.0,2791,0,10.735804,282.81,11310942.83,0.0,Mon
2020-05-19,32318.52,0.0,2595,0,12.45415,1617.2,11343261.35,0.0,Tue
2020-05-20,104615.29,0.0,7010,0,14.923722,1295.16,11447876.64,0.0,Wed
2020-05-21,39716.32,0.0,3395,0,11.698474000000001,310.07,11487592.96,0.0,Thu
2020-05-22,35829.66,0.0,2987,0,11.995199000000001,1000.0,11523422.62,0.0,Fri
2020-05-23,30985.52,0.0,2565,0,12.080125,1000.0,11554408.14,0.0,Sat
2020-05-24,29634.85,0.0,2508,0,11.816127999999999,500.0,11584042.989999998,0.0,Sun
2020-05-25,5686.53,0.0,302,0,18.82957,220.09,11589729.519999998,0.0,Mon
2020-05-26,304.91,0.0,19,0,16.047895,121.72,11590034.429999998,0.0,Tue
2020-05-27,63.57,0.0,24,0,2.64875,24.37,11590097.999999998,0.0,Wed
2020-05-28,1917.61,0.0,216,0,8.877824,104.58,11592015.609999998,0.0,Thu
2020-05-29,32090.43,0.0,3019,0,10.629489999999999,2000.0,11624106.039999995,0.0,Fri
2020-05-30,29522.24,0.0,2814,0,10.491201,300.0,11653628.279999996,0.0,Sat
2020-05-31,32349.55,0.0,3003,0,10.772411,416.0,11685977.829999998,0.0,Sun
2020-06-01,65490.58,0.0,5123,0,12.783638,1560.0,11751468.409999998,0.0,Mon
2020-06-02,28291.63,0.0,2727,0,10.374635000000001,250.0,11779760.04,0.0,Tue
2020-06-03,221353.45,0.0,18425,0,12.013755999999999,3338.71,12001113.489999998,0.0,Wed
2020-06-04,271478.36,0.0,23343,0,11.629969000000001,1702.92,12272591.849999998,0.0,Thu
2020-06-05,13475.47,0.0,437,0,30.836315999999997,2080.0,12286067.319999997,0.0,Fri
2020-06-06,8234.45,0.0,357,0,23.065686,520.0,12294301.769999998,0.0,Sat
2020-06-07,6038.61,0.0,307,0,19.669739,130.66,12300340.379999995,0.0,Sun
2020-06-08,6468.19,0.0,292,0,22.151335999999997,500.0,12306808.569999995,0.0,Mon
2020-06-09,26465.95,0.0,1638,0,16.157479000000002,1000.0,12333274.519999996,0.0,Tue
2020-06-10,10115.99,0.0,504,0,20.071409,637.07,12343390.509999994,0.0,Wed
2020-06-11,7355.9,0.0,387,0,19.007494,520.0,12350746.409999995,0.0,Thu
2020-06-12,5456.22,0.0,352,0,15.500625,208.0,12356202.629999995,0.0,Fri
2020-06-13,9251.64,0.0,640,0,14.455688,316.45,12365454.269999998,0.0,Sat
2020-06-14,9270.71,0.0,585,0,15.847368,340.55,12374724.98,0.0,Sun
2020-06-15,12447.46,0.0,586,0,21.241398999999998,2080.0,12387172.44,0.0,Mon
2020-06-16,167933.73,0.0,12434,0,13.50601,437.79,12555106.17,0.0,Tue
2020-06-17,35880.35,0.0,2557,0,14.032206,734.48,12590986.52,0.0,Wed
2020-06-18,77602.52,0.0,12932,0,6.000813,520.0,12668589.04,0.0,Thu
2020-06-19,12428.1,0.0,1027,0,12.101363000000001,370.0,12681017.14,0.0,Fri
2020-06-20,8893.53,0.0,526,0,16.907852,1000.0,12689910.669999998,0.0,Sat
2020-06-21,9221.4,0.0,432,0,21.345833,500.0,12699132.069999997,0.0,Sun
2020-06-22,10286.67,0.0,519,0,19.820173,500.0,12709418.739999998,0.0,Mon
2020-06-23,160426.98,0.0,10884,0,14.739707999999998,1162.71,12869845.72,0.0,Tue
2020-06-24,30862.18,0.0,1979,0,15.594835999999999,515.0,12900707.9,0.0,Wed
2020-06-25,19638.03,0.0,1140,0,17.226342000000002,1000.0,12920345.929999998,0.0,Thu
2020-06-26,16268.46,0.0,664,0,24.500693,4000.0,12936614.39,0.0,Fri
2020-06-27,8366.66,0.0,451,0,18.551353,380.64,12944981.05,0.0,Sat
2020-06-28,10219.17,0.0,498,0,20.520422,1617.2,12955200.22,0.0,Sun
2020-06-29,10061.0,0.0,627,0,16.046252,343.7,12965261.22,0.0,Mon
2020-06-30,42433.84,0.0,2185,0,19.420522000000002,686.69,13007695.06,0.0,Tue
2020-07-01,28923.81,0.0,812,0,35.620456,1500.0,13036618.87,0.0,Wed
2020-07-02,30100.78,0.0,1530,0,19.673712,5000.0,13066719.65,0.0,Thu
2020-07-03,8945.33,0.0,423,0,21.147351999999998,520.0,13075664.98,0.0,Fri
2020-07-04,5465.5,0.0,285,0,19.177193,260.0,13081130.48,0.0,Sat
2020-07-05,7748.72,0.0,354,0,21.889039999999998,1000.0,13088879.2,0.0,Sun
2020-07-06,9755.97,0.0,362,0,26.950193,1094.54,13098635.17,0.0,Mon
2020-07-07,132476.33,0.0,15296,0,8.660848,2195.25,13231111.5,0.0,Tue
2020-07-08,1287262.09,0.0,111634,0,11.531092999999998,2080.0,14518373.59,0.0,Wed
2020-07-09,214710.6,0.0,25207,0,8.517896,564.64,14733084.19,0.0,Thu
2020-07-10,174540.18,0.0,20520,0,8.505857,1130.36,14907624.37,0.0,Fri
2020-07-11,161220.7,0.0,18595,0,8.670110000000001,1040.0,15068845.069999997,0.0,Sat
2020-07-12,135758.98,0.0,15485,0,8.767128,1177.55,15204604.05,0.0,Sun
2020-07-13,129042.47,0.0,13925,0,9.266964,1100.0,15333646.52,0.0,Mon
2020-07-14,120721.92,0.0,13386,0,9.018521,1175.59,15454368.44,0.0,Tue
2020-07-15,1083101.67,0.0,88765,0,12.2019,5000.0,16537470.11,0.0,Wed
2020-07-16,97429.16,0.0,10482,0,9.294902,1000.0,16634899.27,0.0,Thu
2020-07-17,96409.75,0.0,9691,0,9.94838,1500.0,16731309.02,0.0,Fri
2020-07-18,74258.11,0.0,8185,0,9.072463,1596.33,16805567.13,0.0,Sat
2020-07-19,81555.39,0.0,9100,0,8.962131,296.46,16887122.52,0.0,Sun
2020-07-20,74387.65,0.0,7980,0,9.321761,1266.93,16961510.169999998,0.0,Mon
2020-07-21,128055.41,0.0,11388,0,11.244767,1166.12,17089565.58,0.0,Tue
2020-07-22,1097168.04,0.0,91103,0,12.04316,1000.0,18186733.62,0.0,Wed
2020-07-23,127848.44,0.0,19146,0,6.677554,572.0,18314582.06,0.0,Thu
2020-07-24,73355.86,0.0,7709,0,9.515613,520.0,18387937.92,0.0,Fri
2020-07-25,73983.6,0.0,8119,0,9.112403,375.0,18461921.52,0.0,Sat
2020-07-26,76764.59,0.0,8206,0,9.35469,347.65,18538686.11,0.0,Sun
2020-07-27,65414.57,0.0,6880,0,9.507932,1040.0,18604100.68,0.0,Mon
2020-07-28,781646.03,0.0,64668,0,12.087061,3000.0,19385746.71,0.0,Tue
2020-07-29,1325340.51,0.0,149750,0,8.850354,2791.01,20711087.220000006,0.0,Wed
2020-07-30,344696.24,0.0,60947,0,5.655672,1394.1,21055783.46,0.0,Thu
2020-07-31,277340.53,0.0,54056,0,5.130615,1040.0,21333123.99,0.0,Fri
2020-08-01,251499.98,0.0,47637,0,5.279509,589.54,21584623.970000006,0.0,Sat
2020-08-02,217592.65,0.0,41032,0,5.302999,1000.0,21802216.62,0.0,Sun
2020-08-03,185173.62,0.0,32128,0,5.763621,1040.0,21987390.24,0.0,Mon
2020-08-04,185825.37,0.0,32253,0,5.761491,300.0,22173215.610000007,0.0,Tue
2020-08-05,1133701.12,0.0,108093,0,10.488201,2943.7,23306916.730000004,0.0,Wed
2020-08-06,427641.07,0.0,42492,0,10.064036999999999,1617.2,23734557.800000004,0.0,Thu
2020-08-07,165711.53,0.0,23374,0,7.089567,2812.23,23900269.33000001,0.0,Fri
2020-08-08,145139.23,0.0,23332,0,6.220608,492.42,24045408.56000001,0.0,Sat
2020-08-09,124866.24,0.0,20695,0,6.033643,1110.0,24170274.800000004,0.0,Sun
2020-08-10,69236.93,0.0,13475,0,5.138177,500.0,24239511.730000004,0.0,Mon
2020-08-11,101599.43,0.0,17013,0,5.97187,500.0,24341111.160000004,0.0,Tue
2020-08-12,1259277.65,0.0,109258,0,11.525725,5200.0,25600388.81,0.0,Wed
2020-08-13,356299.17,0.0,33966,0,10.489877,2000.0,25956687.980000004,0.0,Thu
2020-08-14,147406.9,0.0,19014,0,7.752545,2000.0,26104094.880000006,0.0,Fri
2020-08-15,135602.66,0.0,19255,0,7.042464999999999,1339.16,26239697.540000007,0.0,Sat
2020-08-16,124960.83,0.0,18439,0,6.776985000000001,500.0,26364658.37,0.0,Sun
2020-08-17,102995.68,0.0,14807,0,6.955878,500.0,26467654.05,0.0,Mon
2020-08-18,394376.33,0.0,30585,0,12.894436,1951.75,26862030.38,0.0,Tue
2020-08-19,162883.63,0.0,17084,0,9.534279,369.56,27024914.01,0.0,Wed
2020-08-20,1167992.4,0.0,98606,0,11.845044,1188.1,28192906.41,0.0,Thu
2020-08-21,100793.07,0.0,14533,0,6.935461999999999,737.32,28293699.48,0.0,Fri
2020-08-22,90831.48,0.0,14431,0,6.294192,520.0,28384530.96,0.0,Sat
2020-08-23,101435.77,0.0,16273,0,6.233379,341.22,28485966.73,0.0,Sun
2020-08-24,65041.39,0.0,8101,0,8.02881,5200.0,28551008.12,0.0,Mon
2020-08-25,505541.34,0.0,29534,0,17.117266,613.51,29056549.46,0.0,Tue
2020-08-26,1195609.44,0.0,86952,0,13.750224,11440.0,30252158.9,0.0,Wed
2020-08-27,150802.54,0.0,9815,0,15.364497,614.67,30402961.44,0.0,Thu
2020-08-28,114834.2,0.0,8004,0,14.347101,3751.08,30517795.64,0.0,Fri
2020-08-29,92533.06,0.0,6949,0,13.316025,1000.0,30610328.7,0.0,Sat
2020-08-30,88775.32,0.0,6833,0,12.992144,520.0,30699104.02,0.0,Sun
2020-08-31,225716.91,0.0,15010,0,15.037769,11480.0,30924820.93,0.0,Mon
2020-09-01,117599.67,0.0,9194,0,12.790915,5200.0,31042420.6,0.0,Tue
2020-09-02,1728105.22,0.0,135667,0,12.737845,10400.0,32770525.82,0.0,Wed
2020-09-03,438451.43,0.0,30853,0,14.210982000000001,2600.0,33208977.25,0.0,Thu
2020-09-04,266555.52,0.0,23521,0,11.332661,2373.35,33475532.77,0.0,Fri
2020-09-05,240481.07,0.0,22953,0,10.477108,10000.0,33716013.84,0.0,Sat
2020-09-06,202014.2,0.0,20133,0,10.033984,511.55,33918028.04,0.0,Sun
2020-09-07,404864.27,0.0,27937,0,14.492045000000001,7500.0,34322892.31,0.0,Mon
2020-09-08,181527.59,0.0,15161,0,11.973326,1022.8,34504419.90000001,0.0,Tue
2020-09-09,481706.84,0.0,28653,0,16.811742000000002,1229.91,34986126.74000001,0.0,Wed
2020-09-10,1141012.09,0.0,91696,0,12.443423,3066.97,36127138.83000001,0.0,Thu
2020-09-11,135691.26,0.0,10839,0,12.518799000000001,5000.0,36262830.09000001,0.0,Fri
2020-09-12,139339.94,0.0,11406,0,12.216372,7800.0,36402170.03000001,0.0,Sat
2020-09-13,135566.02,0.0,10991,0,12.334275,7280.0,36537736.05000001,0.0,Sun
2020-09-14,519571.42,0.0,27466,0,18.916894,5112.78,37057307.47000001,0.0,Mon
2020-09-15,662332.38,0.0,37969,0,17.444029999999998,1040.0,37719639.85000002,0.0,Tue
2020-09-16,1304421.49,0.0,99814,0,13.068522,5000.0,39024061.34000002,0.0,Wed
2020-09-17,783826.09,0.0,39857,0,19.665958,1617.2,39807887.43000002,0.0,Thu
2020-09-18,306749.61,0.0,17171,0,17.8644,520.0,40114637.04000002,0.0,Fri
2020-09-19,247886.38,0.0,10914,0,22.712697,2600.0,40362523.42000002,0.0,Sat
2020-09-20,142714.87,0.0,9986,0,14.291495000000001,1586.91,40505238.29000002,0.0,Sun
2020-09-21,739371.03,0.0,43556,0,16.975182,2600.0,41244609.32000002,0.0,Mon
2020-09-22,693475.94,0.0,43280,0,16.023011999999998,3792.54,41938085.26000002,0.0,Tue
2020-09-23,1719783.15,0.0,110996,0,15.4941,2600.0,43657868.41000002,0.0,Wed
2020-09-24,740466.88,0.0,44536,0,16.626255,1000.0,44398335.29000002,0.0,Thu
2020-09-25,264314.2,0.0,15946,0,16.57558,3581.41,44662649.49000002,0.0,Fri
2020-09-26,174081.41,0.0,10736,0,16.214736,12000.0,44836730.90000002,0.0,Sat
2020-09-27,144261.84,0.0,9932,0,14.524954000000001,986.74,44980992.74000002,0.0,Sun
2020-09-28,539512.34,0.0,34929,0,15.445972,10000.0,45520505.08000003,0.0,Mon
2020-09-29,760506.32,0.0,37598,0,20.227307999999997,2500.0,46281011.40000003,0.0,Tue
2020-09-30,1110342.22,0.0,83867,0,13.239322,5000.0,47391353.62000003,0.0,Wed
2020-10-01,864298.43,0.0,52981,0,16.313366000000002,1000.0,48255652.05000003,0.0,Thu
2020-10-02,545924.37,0.0,43124,0,12.659409,1172.55,48801576.42000002,0.0,Fri
2020-10-03,369587.72,0.0,30316,0,12.191177,1000.0,49171164.14000002,0.0,Sat
2020-10-04,331250.17,0.0,27596,0,12.003557,1000.0,49502414.31000002,0.0,Sun
2020-10-05,959644.18,0.0,53453,0,17.953046,5000.0,50462058.49000002,0.0,Mon
2020-10-06,800286.3,0.0,53978,0,14.826157,1040.0,51262344.79000002,0.0,Tue
2020-10-07,821730.4,0.0,49878,0,16.474807000000002,5000.0,52084075.19000002,0.0,Wed
2020-10-08,1073824.97,0.0,61775,0,17.382839999999998,2100.0,53157900.16000002,0.0,Thu
2020-10-09,1103629.7,0.0,78380,0,14.080501000000002,1175.72,54261529.86000002,0.0,Fri
2020-10-10,230198.35,0.0,15580,0,14.775247,1000.0,54491728.21000002,0.0,Sat
2020-10-11,210824.49,0.0,15302,0,13.777576999999999,1000.0,54702552.70000002,0.0,Sun
2020-10-12,581601.23,0.0,39508,0,14.7211,1176.15,55284153.93000002,0.0,Mon
2020-10-13,474853.38,0.0,32048,0,14.816942999999998,1000.0,55759007.31000002,0.0,Tue
2020-10-14,387612.94,0.0,14095,0,27.500031,12284.62,56146620.25000002,0.0,Wed
2020-10-15,517413.24,0.0,33039,0,15.660681,2448.61,56664033.49000002,0.0,Thu
2020-10-16,835323.77,0.0,61912,0,13.492114,1560.0,57499357.26000003,0.0,Fri
2020-10-17,144415.78,0.0,9550,0,15.122071,1172.01,57643773.04000003,0.0,Sat
2020-10-18,178463.37,0.0,12360,0,14.438784,3516.04,57822236.41000002,0.0,Sun
2020-10-19,435527.62,0.0,27435,0,15.874889999999999,1295.29,58257764.03000002,0.0,Mon
2020-10-20,257848.88,0.0,26146,0,9.861886,1172.16,58515612.91000002,0.0,Tue
2020-10-21,817049.03,0.0,36921,0,22.129656,1338.0,59332661.94000003,0.0,Wed
2020-10-22,904476.69,0.0,63833,0,14.169422,10400.0,60237138.63000002,0.0,Thu
2020-10-23,245658.01,0.0,18416,0,13.339379000000001,1185.63,60482796.64000002,0.0,Fri
2020-10-24,139824.47,0.0,8734,0,16.009213,5000.0,60622621.11000002,0.0,Sat
2020-10-25,125608.05,0.0,8458,0,14.850798000000001,1183.36,60748229.16000002,0.0,Sun
2020-10-26,730006.91,0.0,33920,0,21.52143,3000.0,61478236.07000002,0.0,Mon
2020-10-27,732598.65,0.0,36291,0,20.186785999999998,2000.0,62210834.72000001,0.0,Tue
2020-10-28,746813.75,0.0,41703,0,17.907914,1302.76,62957648.47000001,0.0,Wed
2020-10-29,390093.82,0.0,25828,0,15.103523999999998,2051.96,63347742.29000002,0.0,Thu
2020-10-30,128145.98,0.0,6890,0,18.598836,1300.11,63475888.27000001,0.0,Fri
2020-10-31,960801.12,0.0,71262,0,13.482657000000001,10000.0,64436689.39000001,0.0,Sat
2020-11-01,81587.72,0.0,3135,0,26.024791,2000.0,64518277.11000001,0.0,Sun
2020-11-02,324119.54,0.0,14507,0,22.342285999999998,2500.0,64842396.65000001,0.0,Mon
2020-11-03,550722.08,0.0,33612,0,16.384686,1000.0,65393118.73,0.0,Tue
2020-11-04,734696.06,0.0,26214,0,28.026858,1257.51,66127814.79000001,0.0,Wed
2020-11-05,475307.72,0.0,24280,0,19.5761,3500.0,66603122.51000001,0.0,Thu
2020-11-06,154413.82,0.0,6880,0,22.443869,4000.0,66757536.33000001,0.0,Fri
2020-11-07,86346.24,0.0,3298,0,26.181395000000002,6787.26,66843882.57000001,0.0,Sat
2020-11-08,65434.92,0.0,2624,0,24.937088,1000.0,66909317.49000001,0.0,Sun
2020-11-09,412520.18,0.0,24717,0,16.689735,2310.88,67321837.67000002,0.0,Mon
2020-11-10,413591.59,0.0,33638,0,12.295368,1040.0,67735429.26000002,0.0,Tue
2020-11-11,863129.58,0.0,61444,0,14.047417999999999,1369.23,68598558.84000002,0.0,Wed
2020-11-12,734651.73,0.0,33510,0,21.923358,2500.0,69333210.57000002,0.0,Thu
2020-11-13,226244.48,0.0,9908,0,22.834526,5200.0,69559455.05000003,0.0,Fri
2020-11-14,1083003.75,0.0,82576,0,13.115236,5200.0,70642458.80000003,0.0,Sat
2020-11-15,88061.54,0.0,3260,0,27.012742,5000.0,70730520.34000003,0.0,Sun
2020-11-16,61263.09,0.0,2349,0,26.080498000000002,2800.0,70791783.43000004,0.0,Mon
2020-11-17,271064.95,0.0,13576,0,19.966480999999998,1298.12,71062848.38000004,0.0,Tue
2020-11-18,726102.21,0.0,28452,0,25.520252,2500.0,71788950.59000003,0.0,Wed
2020-11-19,1085132.31,0.0,57627,0,18.830276,12286.22,72874082.90000004,0.0,Thu
2020-11-20,935366.39,0.0,48139,0,19.430532,7000.0,73809449.29000004,0.0,Fri
2020-11-21,1041499.42,0.0,72441,0,14.377208999999999,3973.2,74850948.71000004,0.0,Sat
2020-11-22,131742.41,0.0,5391,0,24.437472,1323.76,74982691.12000003,0.0,Sun
2020-11-23,330936.07,0.0,14075,0,23.512332,5000.0,75313627.19000003,0.0,Mon
2020-11-24,549520.31,0.0,26387,0,20.825418,1382.51,75863147.50000003,0.0,Tue
2020-11-25,571649.1,0.0,30142,0,18.965201,2500.0,76434796.60000002,0.0,Wed
2020-11-26,499980.59,0.0,27228,0,18.362737,2500.0,76934777.19000003,0.0,Thu
2020-11-27,186793.89,0.0,9356,0,19.965144,1000.0,77121571.08000003,0.0,Fri
2020-11-28,104585.35,0.0,4178,0,25.032396,5200.0,77226156.43000002,0.0,Sat
2020-11-29,98110.72,0.0,3348,0,29.304277000000003,5200.0,77324267.15000002,0.0,Sun
2020-11-30,2159368.81,0.0,163496,0,13.207472000000001,10000.0,79483635.96000002,0.0,Mon
2020-12-01,4654553.61,0.0,345101,0,13.487510999999998,10000.0,84138189.57000002,0.0,Tue
2020-12-02,3776203.78,0.0,286873,0,13.163329000000001,10000.0,87914393.35000002,0.0,Wed
2020-12-03,3074256.07,0.0,245552,0,12.519776,10400.0,90988649.42000002,0.0,Thu
2020-12-04,2731315.27,0.0,219480,0,12.444484,4020.28,93719964.69,0.0,Fri
2020-12-05,2810307.17,0.0,216746,0,12.965900999999999,4030.68,96530271.86,0.0,Sat
2020-12-06,2543452.32,0.0,197411,0,12.884046000000001,10000.0,99073724.18,0.0,Sun
2020-12-07,2393615.94,0.0,170457,0,14.042345000000001,5858.0,101467340.12,0.0,Mon
2020-12-08,1806184.42,0.0,120703,0,14.963873000000001,7500.0,103273524.54,0.0,Tue
2020-12-09,1525179.94,0.0,107950,0,14.128576999999998,2080.0,104798704.48,0.0,Wed
2020-12-10,1272393.29,0.0,94919,0,13.405043,2776.93,106071097.77,0.0,Thu
2020-12-11,1197481.94,0.0,92240,0,12.982241,2000.0,107268579.71,0.0,Fri
2020-12-12,1245760.89,0.0,97020,0,12.840247999999999,5000.0,108514340.6,0.0,Sat
2020-12-13,1317959.49,0.0,102600,0,12.845609,10000.0,109832300.09,0.0,Sun
2020-12-14,1101455.84,0.0,85567,0,12.872437,3250.0,110933755.93,0.0,Mon
2020-12-15,1011437.3,0.0,75052,0,13.476486999999999,5000.0,111945193.23,0.0,Tue
2020-12-16,1013750.92,0.0,73140,0,13.860417000000002,5000.0,112958944.15,0.0,Wed
2020-12-17,1048170.15,0.0,74993,0,13.976907,3000.0,114007114.3,0.0,Thu
2020-12-18,1035726.86,0.0,72001,0,14.384895000000002,7866.44,115042841.16,0.0,Fri
2020-12-19,1126359.93,0.0,77617,0,14.511768,12240.28,116169201.09000002,0.0,Sat
2020-12-20,1128969.98,0.0,79101,0,14.272511999999999,2500.0,117298171.07000002,0.0,Sun
2020-12-21,780734.24,0.0,52894,0,14.760354999999999,3000.0,118078905.31000002,0.0,Mon
2020-12-22,126271.99,0.0,2897,0,43.587156,5000.0,118205177.3,0.0,Tue
2020-12-23,106356.48,0.0,2566,0,41.448355,3889.25,118311533.78000002,0.0,Wed
2020-12-24,518484.33,0.0,7720,0,67.161183,4352.52,118830018.11,0.0,Thu
2020-12-25,79480.36,0.0,1917,0,41.460803000000006,2600.0,118909498.47,0.0,Fri
2020-12-26,111291.97,0.0,2175,0,51.168721999999995,12427.63,119020790.44,0.0,Sat
2020-12-27,112897.02,0.0,2383,0,47.376005,1250.0,119133687.46,0.0,Sun
2020-12-28,729802.54,0.0,42456,0,17.189621,5000.0,119863490.0,0.0,Mon
2020-12-29,1456228.13,0.0,95534,0,15.243035,10000.0,121319718.13,0.0,Tue
2020-12-30,1974093.75,0.0,127083,0,15.533892999999999,5200.0,123293811.88,0.0,Wed
2020-12-31,2119162.32,0.0,114153,0,18.564228,12000.0,125412974.2,0.0,Thu