Worldwide_Gross,Release_Year,IMDB_Rating,Rotten_Tomatoes_Rating,Major_Genre,MPAA_Rating
148345997.0,1996-01-01,5.8,55.0,Action,R
9929135.0,1985-01-01,8.0,98.0,Black Comedy,R
102825796.0,1996-01-01,5.8,52.0,Comedy,PG-13
60209334.0,1996-01-01,5.2,13.0,Action,PG-13
20278055.0,1996-01-01,6.1,55.0,Drama,R
100833145.0,1996-01-01,6.6,85.0,Drama,R
178200000.0,1997-01-01,5.6,28.0,Drama,PG-13
158908290.0,1996-01-01,5.4,22.0,Action,PG-13
104364680.0,1996-01-01,6.2,50.0,Adventure,PG-13
25426861.0,1996-01-01,5.3,56.0,Action,R
234400000.0,1996-01-01,5.9,34.0,Action,R
25728961.0,1996-01-01,7.1,63.0,Horror,R
19892205.0,1996-01-01,4.9,14.0,Action,R
51204567.0,1996-01-01,8.3,94.0,Thriller/Suspense,R
181489203.0,1996-01-01,5.6,41.0,Comedy,PG
38564422.0,1996-01-01,6.6,51.0,Action,R
36404841.0,1996-01-01,4.9,13.0,Action,R
390525192.0,2039-01-01,8.2,97.0,Drama,G
38623460.0,1996-01-01,6.9,58.0,Comedy,PG-13
26570048.0,1996-01-01,5.8,45.0,Adventure,PG
817400878.0,1996-01-01,6.5,61.0,Adventure,PG-13
27682712.0,1996-01-01,4.1,23.0,Adventure,PG-13
58617334.0,1996-01-01,5.3,17.0,Drama,PG-13
129832389.0,1996-01-01,4.9,16.0,Comedy,PG
22730924.0,1996-01-01,5.3,16.0,Thriller/Suspense,R
20412216.0,1995-01-01,6.7,50.0,Drama,Not Rated
32223424.0,1996-01-01,6.7,51.0,Comedy,R
33447612.0,1996-01-01,6.6,69.0,Action,R
183316455.0,1986-01-01,7.5,100.0,Action,R
101371017.0,1996-01-01,6.3,50.0,Comedy,PG-13
18642318.0,2000-01-01,7.2,64.0,Documentary,Not Rated
41267469.0,1996-01-01,6.0,54.0,Romantic Comedy,PG-13
20133326.0,1996-01-01,5.7,44.0,Comedy,PG-13
231716374.0,1996-01-01,7.3,83.0,Drama,R
273814019.0,1996-01-01,5.6,67.0,Comedy,PG-13
142836382.0,1996-01-01,6.3,50.0,Drama,PG
17220599.0,1996-01-01,4.8,43.0,Action,PG
36682170.0,1996-01-01,5.3,27.0,Adventure,G
308700000.0,1996-01-01,6.6,70.0,Action,R
336069511.0,1996-01-01,7.2,66.0,Action,R
37956589.0,1996-01-01,5.2,33.0,Comedy,PG
35811509.0,1996-01-01,7.6,90.0,Drama,PG-13
36049108.0,1996-01-01,6.3,61.0,Drama,R
15171475.0,1996-01-01,5.3,18.0,Horror,R
34175000.0,1996-01-01,8.0,96.0,Drama,R
165600852.0,1996-01-01,7.3,73.0,Drama,R
32773011.0,1996-01-01,3.9,12.0,Comedy,R
26936265.0,1996-01-01,4.7,7.0,Comedy,PG-13
75854588.0,1996-01-01,6.1,69.0,Romantic Comedy,R
18582965.0,1996-01-01,5.6,40.0,Thriller/Suspense,R
55669466.0,1996-01-01,5.9,45.0,Thriller/Suspense,R
24000785.0,1996-01-01,8.2,89.0,Drama,R
152266007.0,1996-01-01,7.1,68.0,Drama,R
31748615.0,1996-01-01,6.7,92.0,Drama,PG
495900000.0,1996-01-01,6.0,57.0,Action,PG-13
122079192.0,1996-01-01,6.3,65.0,Thriller/Suspense,R
17378193.0,1996-01-01,5.9,55.0,Drama,R
66941559.0,2000-01-01,4.4,30.0,Comedy,G
18184083.0,2009-01-01,5.4,28.0,Action,PG-13
128529299.0,2007-01-01,6.9,78.0,Horror,PG-13
56331864.0,2001-01-01,6.1,32.0,Thriller/Suspense,R
766812167.0,2009-01-01,6.2,39.0,Action,PG-13
62063972.0,2000-01-01,5.8,30.0,Comedy,PG-13
82719885.0,2003-01-01,7.6,89.0,Horror,R
47855342.0,2003-01-01,7.5,60.0,Drama,PG
22391450.0,2001-01-01,5.6,43.0,Romantic Comedy,R
199043309.0,2002-01-01,5.8,42.0,Romantic Comedy,PG-13
456068181.0,2007-01-01,7.8,60.0,Action,R
107752036.0,1999-01-01,7.3,94.0,Action,R
69791889.0,2007-01-01,7.9,89.0,Western,R
95092667.0,2002-01-01,5.4,38.0,Romantic Comedy,R
92494381.0,2005-01-01,6.8,52.0,Drama,R
196376832.0,2004-01-01,6.8,44.0,Romantic Comedy,PG-13
96024898.0,2000-01-01,5.8,40.0,Action,PG-13
32955399.0,2008-01-01,5.9,5.0,Thriller/Suspense,R
242924075.0,2002-01-01,6.7,74.0,Drama,R
85262492.0,2000-01-01,6.6,45.0,Comedy,R
129949664.0,2002-01-01,7.4,93.0,Romantic Comedy,PG-13
363109485.0,1998-01-01,7.3,91.0,Adventure,G
50068310.0,1997-01-01,6.5,46.0,Thriller/Suspense,R
47953341.0,2005-01-01,8.1,10.0,Action,PG-13
38329114.0,2004-01-01,6.2,18.0,Action,PG-13
42064105.0,2006-01-01,6.8,24.0,Drama,PG-13
27555061.0,1997-01-01,4.6,45.0,Comedy,PG
315268353.0,1997-01-01,6.3,78.0,Action,R
9521458.0,2006-01-01,6.0,11.0,Drama,PG-13
23911362.0,2004-01-01,5.9,30.0,Western,PG-13
25873145.0,2002-01-01,5.3,29.0,Comedy,R
163379330.0,2002-01-01,5.8,37.0,Comedy,PG-13
48563556.0,2004-01-01,4.0,21.0,Comedy,PG
84383966.0,2001-01-01,6.6,67.0,Drama,R
47371191.0,2000-01-01,8.0,88.0,Comedy,R
173219280.0,2007-01-01,5.5,23.0,Comedy,PG
485004995.0,2003-01-01,6.6,48.0,Comedy,PG-13
8178569.0,2005-01-01,2.3,1.0,Horror,R
105159085.0,2001-01-01,6.1,32.0,Thriller/Suspense,R
360578644.0,2007-01-01,5.5,27.0,Comedy,PG
167297191.0,2004-01-01,5.4,16.0,Adventure,R
356258047.0,1999-01-01,8.6,89.0,Drama,R
7013191.0,2008-01-01,4.5,12.0,Comedy,PG-13
265697825.0,2007-01-01,7.9,79.0,Drama,R
44212592.0,1997-01-01,7.1,77.0,Drama,R
286500000.0,2001-01-01,6.2,52.0,Comedy,R
126425115.0,2003-01-01,6.1,56.0,Comedy,R
234800000.0,1999-01-01,6.9,59.0,Comedy,R
157627733.0,2001-01-01,5.7,32.0,Romantic Comedy,PG-13
108047131.0,2005-01-01,5.8,24.0,Horror,R
136998907.0,1997-01-01,4.2,38.0,Horror,PG-13
139801410.0,1997-01-01,6.6,85.0,Musical,G
24044532.0,2001-01-01,5.5,32.0,Drama,R
195660942.0,2003-01-01,6.1,43.0,Comedy,PG-13
30331165.0,1998-01-01,5.7,11.0,Comedy,PG-13
55762229.0,2001-01-01,4.6,30.0,Comedy,PG-13
39251128.0,1999-01-01,6.5,51.0,Drama,PG-13
54994757.0,2002-01-01,5.6,27.0,Comedy,R
176885658.0,1999-01-01,6.6,68.0,Comedy,R
152457863.0,1998-01-01,6.8,95.0,Adventure,PG
18653615.0,1999-01-01,5.9,64.0,Drama,PG-13
117785051.0,2006-01-01,7.9,64.0,Adventure,R
21277770.0,1997-01-01,7.1,91.0,Drama,PG-13
97918663.0,2005-01-01,4.2,12.0,Romantic Comedy,PG
24419219.0,1999-01-01,7.2,60.0,Thriller/Suspense,R
554600000.0,1998-01-01,6.1,42.0,Adventure,PG-13
203877963.0,2004-01-01,6.2,31.0,Adventure,PG-13
30199105.0,2000-01-01,5.5,16.0,Thriller/Suspense,R
314111923.0,1997-01-01,7.8,85.0,Romantic Comedy,PG-13
16316273.0,1998-01-01,7.6,90.0,Drama,R
176047914.0,2010-01-01,7.2,47.0,Action,PG-13
22365133.0,1999-01-01,5.6,33.0,Drama,PG-13
30885781.0,2001-01-01,6.8,49.0,Drama,PG-13
90717684.0,2000-01-01,4.8,21.0,Drama,PG-13
129425746.0,2007-01-01,7.9,83.0,Drama,R
65627510.0,2007-01-01,7.5,37.0,Drama,PG
29367143.0,2007-01-01,7.5,53.0,Musical,PG-13
292738626.0,2002-01-01,6.2,54.0,Comedy,PG-13
48585416.0,1998-01-01,3.4,15.0,Action,PG-13
214608827.0,2004-01-01,7.6,88.0,Drama,PG-13
72004159.0,2004-01-01,5.6,30.0,Adventure,PG
10108016.0,2009-01-01,7.3,66.0,Comedy,R
104488383.0,2001-01-01,6.1,23.0,Thriller/Suspense,R
69131860.0,1998-01-01,6.1,61.0,Adventure,G
70216497.0,2008-01-01,5.3,7.0,Action,PG-13
27151490.0,1999-01-01,2.2,2.0,Comedy,PG
272940870.0,2003-01-01,6.2,24.0,Action,R
69157016.0,2002-01-01,5.3,10.0,Action,PG-13
21799652.0,2000-01-01,4.9,11.0,Romantic Comedy,PG-13
46598133.0,2008-01-01,5.4,9.0,Action,R
38067218.0,2002-01-01,5.5,47.0,Comedy,R
42598498.0,2003-01-01,6.3,21.0,Thriller/Suspense,R
372353017.0,2005-01-01,8.3,84.0,Action,PG-13
1022345358.0,2008-01-01,8.9,93.0,Action,PG-13
28734552.0,2001-01-01,6.1,69.0,Drama,R
329809326.0,2008-01-01,8.0,72.0,Drama,PG-13
64391484.0,2008-01-01,6.1,63.0,Comedy,PG-13
40435694.0,2000-01-01,4.8,3.0,Thriller/Suspense,R
36882378.0,1999-01-01,4.8,9.0,Romantic Comedy,PG-13
94849401.0,2005-01-01,5.6,30.0,Comedy,PG-13
234779795.0,1999-01-01,4.7,40.0,Comedy,PG-13
90376224.0,2000-01-01,5.9,49.0,Comedy,PG-13
108394666.0,2008-01-01,7.2,52.0,Thriller/Suspense,R
171377916.0,2006-01-01,8.0,62.0,Action,R
229736344.0,2007-01-01,6.0,50.0,Comedy,G
63118386.0,1996-01-01,6.6,71.0,Comedy,PG-13
43430604.0,2001-01-01,7.5,93.0,Drama,R
287594577.0,2007-01-01,6.3,51.0,Comedy,PG
32382381.0,1999-01-01,7.9,92.0,Black Comedy,R
58855732.0,2001-01-01,6.1,36.0,Action,PG-13
22852487.0,1998-01-01,5.3,77.0,Drama,R
194995215.0,2007-01-01,6.6,70.0,Adventure,PG-13
52375275.0,2002-01-01,5.2,43.0,Comedy,PG
123432867.0,2003-01-01,8.1,77.0,Drama,PG-13
27066941.0,1998-01-01,5.8,41.0,Action,R
46189568.0,1998-01-01,8.2,78.0,Comedy,R
173559438.0,2000-01-01,4.7,30.0,Comedy,PG-13
173638745.0,2001-01-01,7.7,76.0,Action,R
109280263.0,2000-01-01,7.7,85.0,Drama,PG-13
87420776.0,1999-01-01,6.4,38.0,Drama,PG
37304637.0,2007-01-01,7.0,58.0,Romantic Comedy,PG
281527158.0,2001-01-01,6.8,80.0,Romantic Comedy,R
131237688.0,1998-01-01,7.0,55.0,Action,R
248300000.0,1999-01-01,6.2,85.0,Horror,R
26613620.0,1999-01-01,6.4,60.0,Comedy,PG-13
145594548.0,2007-01-01,6.5,69.0,Comedy,PG-13
26199517.0,2002-01-01,6.3,54.0,Thriller/Suspense,R
16235738.0,2006-01-01,4.3,15.0,Horror,R
9396870.0,2007-01-01,7.1,66.0,Drama,R
141743426.0,2001-01-01,6.2,67.0,Comedy,PG-13
83282296.0,2001-01-01,7.4,54.0,Drama,R
51327420.0,2002-01-01,5.5,62.0,Drama,PG-13
316708996.0,2001-01-01,8.0,78.0,Drama,PG-13
71523271.0,2001-01-01,6.5,63.0,Comedy,PG-13
20597806.0,2006-01-01,7.1,46.0,Drama,R
151463090.0,1999-01-01,6.3,27.0,Thriller/Suspense,R
43111725.0,1997-01-01,7.9,92.0,Drama,R
213300000.0,2002-01-01,7.7,82.0,Action,PG-13
288587450.0,2004-01-01,7.6,81.0,Action,PG-13
442161562.0,2007-01-01,8.2,93.0,Action,PG-13
53399300.0,2000-01-01,5.5,51.0,Drama,PG-13
57753825.0,2001-01-01,6.2,52.0,Comedy,PG-13
16640210.0,1999-01-01,6.8,71.0,Black Comedy,R
180343761.0,2005-01-01,7.8,87.0,Drama,R
27958191.0,2001-01-01,2.8,63.0,Comedy,R
28315272.0,2002-01-01,6.0,64.0,Romantic Comedy,PG-13
77081642.0,2002-01-01,6.2,82.0,Comedy,PG-13
20695413.0,2000-01-01,7.4,94.0,Comedy,PG-13
60063017.0,2003-01-01,7.3,77.0,Comedy,R
320389438.0,2009-01-01,8.4,88.0,Action,R
117448157.0,1999-01-01,5.9,35.0,Action,PG-13
96046844.0,2004-01-01,7.8,33.0,Thriller/Suspense,R
238317814.0,1997-01-01,3.5,11.0,Action,PG-13
29203383.0,1998-01-01,6.8,75.0,Comedy,R
98699769.0,1999-01-01,6.4,79.0,Comedy,PG-13
131413159.0,2005-01-01,4.8,24.0,Comedy,PG-13
8138000.0,2008-01-01,6.7,67.0,Drama,R
25358996.0,1998-01-01,6.2,44.0,Comedy,PG-13
17760244.0,1999-01-01,4.3,16.0,Horror,R
427230516.0,2000-01-01,7.5,89.0,Drama,PG-13
351106800.0,2002-01-01,5.7,96.0,Drama,PG-13
82102379.0,2004-01-01,3.2,10.0,Action,PG-13
39393111.0,2001-01-01,4.6,12.0,Adventure,PG
61280963.0,2000-01-01,6.2,46.0,Thriller/Suspense,R
45261739.0,2004-01-01,6.5,54.0,Thriller/Suspense,PG-13
11817059.0,2008-01-01,6.4,53.0,Adventure,PG
474459076.0,2005-01-01,7.1,82.0,Comedy,PG
5699773.0,2006-01-01,6.8,76.0,Thriller/Suspense,PG-13
263200000.0,2000-01-01,5.5,67.0,Adventure,PG-13
307687518.0,2002-01-01,7.2,88.0,Musical,PG-13
314432738.0,2005-01-01,5.8,36.0,Adventure,G
227793915.0,2000-01-01,7.3,96.0,Adventure,G
189714544.0,2003-01-01,5.6,24.0,Comedy,PG
135015330.0,2005-01-01,5.2,7.0,Comedy,PG
50692188.0,1998-01-01,5.3,43.0,Horror,R
69450202.0,2006-01-01,8.1,93.0,Thriller/Suspense,R
31077418.0,2007-01-01,6.2,27.0,Drama,R
152500343.0,2000-01-01,7.3,62.0,Drama,PG-13
143985708.0,2006-01-01,6.7,78.0,Drama,G
108539911.0,2005-01-01,8.0,80.0,Drama,PG-13
70067909.0,2004-01-01,5.4,10.0,Romantic Comedy,PG
198750909.0,1998-01-01,6.4,59.0,Drama,PG-13
56709981.0,1998-01-01,6.4,61.0,Drama,PG-13
161632614.0,2003-01-01,7.3,70.0,Drama,R
8135024.0,2007-01-01,4.0,4.0,Comedy,PG-13
115987757.0,2004-01-01,2.9,68.0,Drama,R
154832896.0,2002-01-01,4.6,39.0,Romantic Comedy,PG-13
230884728.0,2005-01-01,6.7,46.0,Action,R
76669806.0,2005-01-01,7.1,65.0,Drama,PG-13
58240458.0,2003-01-01,5.1,38.0,Comedy,PG
217670152.0,2004-01-01,7.8,86.0,Action,R
5629618.0,2008-01-01,4.3,5.0,Comedy,R
224117573.0,1997-01-01,6.6,57.0,Action,R
137118990.0,1997-01-01,6.5,51.0,Thriller/Suspense,R
165900000.0,1997-01-01,7.3,67.0,Drama,PG
23978402.0,2001-01-01,4.2,5.0,Comedy,PG-13
124062750.0,2009-01-01,7.8,89.0,Adventure,PG
33051296.0,2004-01-01,4.3,13.0,Comedy,PG
38164784.0,2006-01-01,4.8,3.0,Thriller/Suspense,PG-13
63706632.0,1997-01-01,6.9,71.0,Drama,R
172450423.0,2009-01-01,5.5,12.0,Comedy,PG-13
33824696.0,2006-01-01,7.1,61.0,Action,R
56434942.0,2003-01-01,5.4,26.0,Horror,R
15164492.0,1999-01-01,5.8,48.0,Action,R
98387109.0,2005-01-01,6.1,75.0,Drama,R
57000000.0,2002-01-01,6.6,14.0,Drama,PG-13
54228104.0,2002-01-01,7.6,74.0,Drama,PG-13
75803716.0,1999-01-01,6.7,47.0,Drama,R
38788828.0,2002-01-01,5.0,28.0,Adventure,PG
200700000.0,2001-01-01,5.2,53.0,Comedy,PG
493296.0,2010-01-01,6.6,40.0,Drama,PG-13
115786269.0,2000-01-01,5.3,21.0,Drama,PG-13
139525862.0,2009-01-01,7.2,86.0,Comedy,PG
18197398.0,2007-01-01,2.4,1.0,Comedy,PG
164285587.0,2003-01-01,5.5,28.0,Comedy,PG
46672813.0,2006-01-01,5.6,33.0,Thriller/Suspense,R
50425450.0,2005-01-01,4.9,16.0,Drama,PG-13
32092761.0,2009-01-01,3.4,17.0,Comedy,PG-13
179179718.0,2003-01-01,5.5,44.0,Action,PG-13
102290765.0,2004-01-01,7.4,76.0,Horror,R
30226144.0,2007-01-01,7.6,79.0,Drama,PG-13
177835231.0,1999-01-01,6.0,25.0,Action,R
165048228.0,1999-01-01,5.6,57.0,Action,R
22591451.0,1999-01-01,5.1,26.0,Comedy,PG-13
171269535.0,2002-01-01,5.5,22.0,Comedy,PG-13
915840.0,2008-01-01,4.4,12.0,Adventure,PG
333572855.0,2010-01-01,7.7,80.0,Comedy,PG
92935067.0,1999-01-01,5.6,23.0,Comedy,R
32539681.0,2003-01-01,4.6,8.0,Horror,PG-13
30063805.0,2002-01-01,5.8,7.0,Drama,PG-13
383531464.0,2007-01-01,7.5,82.0,Action,PG-13
34690901.0,2008-01-01,1.7000000000000002,2.0,Comedy,PG-13
206552113.0,2009-01-01,8.3,91.0,Thriller/Suspense,R
17507368.0,1998-01-01,5.2,30.0,Thriller/Suspense,R
15064948.0,1998-01-01,5.6,15.0,Black Comedy,R
356148063.0,2000-01-01,6.2,65.0,Adventure,PG
43948865.0,1999-01-01,7.3,68.0,Comedy,R
45207112.0,2001-01-01,5.3,24.0,Thriller/Suspense,PG-13
17759202.0,2005-01-01,5.9,19.0,Action,R
55954997.0,1997-01-01,7.7,87.0,Drama,R
349464664.0,1998-01-01,6.0,47.0,Adventure,PG-13
290539042.0,2006-01-01,8.5,93.0,Drama,R
33000377.0,2000-01-01,4.8,15.0,Horror,R
72516819.0,2008-01-01,6.6,41.0,Action,R
85724728.0,2009-01-01,7.1,92.0,Horror,PG-13
54616869.0,2001-01-01,4.2,13.0,Action,PG-13
75685268.0,2003-01-01,5.3,30.0,Drama,R
154965956.0,2006-01-01,6.6,78.0,Musical,PG-13
56398162.0,2002-01-01,5.2,81.0,Comedy,PG-13
40363530.0,2002-01-01,3.0,2.0,Comedy,PG
117573043.0,2007-01-01,7.0,68.0,Thriller/Suspense,PG-13
29823162.0,2001-01-01,6.8,12.0,Action,PG-13
34743644.0,2007-01-01,5.1,61.0,Comedy,R
110570227.0,2005-01-01,4.7,13.0,Comedy,PG-13
26214846.0,2003-01-01,3.3,10.0,Comedy,PG-13
71172251.0,2001-01-01,5.0,19.0,Comedy,PG-13
20035310.0,2000-01-01,4.4,3.0,Romantic Comedy,PG-13
35319689.0,1999-01-01,6.0,62.0,Comedy,PG-13
178066569.0,2008-01-01,6.6,27.0,Thriller/Suspense,PG-13
96398826.0,1999-01-01,6.3,22.0,Thriller/Suspense,R
14943582.0,1999-01-01,7.4,92.0,Black Comedy,R
220443451.0,2003-01-01,6.8,84.0,Comedy,PG
82150642.0,1998-01-01,7.6,81.0,Drama,R
22913677.0,2004-01-01,6.3,49.0,Comedy,PG
98156459.0,2003-01-01,6.2,68.0,Action,R
38117718.0,2006-01-01,5.4,20.0,Comedy,PG-13
169296573.0,2000-01-01,7.4,85.0,Adventure,G
340384141.0,2007-01-01,7.5,92.0,Romantic Comedy,PG
212026975.0,1999-01-01,5.4,11.0,Action,R
96971293.0,2001-01-01,7.4,53.0,Drama,R
250649836.0,1998-01-01,7.2,70.0,Action,R
211700000.0,1999-01-01,6.1,38.0,Thriller/Suspense,PG-13
39177215.0,2002-01-01,6.5,21.0,Thriller/Suspense,PG-13
86858578.0,2007-01-01,2.2,2.0,Comedy,PG-13
249488115.0,2006-01-01,5.0,16.0,Adventure,PG
258400000.0,2000-01-01,7.2,83.0,Drama,R
50719373.0,2005-01-01,6.4,28.0,Drama,PG-13
81846373.0,2010-01-01,4.7,37.0,Drama,R
47066518.0,2004-01-01,8.5,93.0,Comedy,R
14843425.0,1997-01-01,7.0,80.0,Drama,R
26673242.0,1997-01-01,6.3,21.0,Horror,R
151947179.0,1996-01-01,6.1,61.0,Musical,PG
98341932.0,2001-01-01,5.9,42.0,Comedy,PG-13
79958599.0,2001-01-01,5.2,33.0,Action,R
144216468.0,2005-01-01,6.8,45.0,Thriller/Suspense,PG-13
9808102.0,2008-01-01,7.1,61.0,Drama,PG
86257553.0,1999-01-01,7.2,78.0,Drama,R
40283321.0,1998-01-01,6.3,51.0,Horror,R
45336404.0,2000-01-01,6.5,68.0,Romantic Comedy,PG-13
91762868.0,2005-01-01,6.3,52.0,Comedy,PG-13
241200000.0,1997-01-01,7.3,93.0,Action,R
89626226.0,2003-01-01,6.4,47.0,Horror,R
263900000.0,1997-01-01,7.4,72.0,Action,PG-13
90453550.0,2000-01-01,5.9,63.0,Comedy,PG-13
330579719.0,2005-01-01,5.7,27.0,Action,PG-13
16757163.0,1998-01-01,5.6,13.0,Drama,R
236220058.0,2003-01-01,5.1,36.0,Action,PG-13
206512310.0,2001-01-01,6.0,53.0,Action,PG-13
222414517.0,2004-01-01,7.6,83.0,Documentary,R
31598308.0,2001-01-01,6.8,57.0,Thriller/Suspense,R
100853753.0,1999-01-01,8.8,81.0,Drama,R
80013623.0,2000-01-01,7.2,74.0,Drama,PG-13
112802314.0,2000-01-01,6.8,31.0,Horror,R
21893591.0,2006-01-01,5.7,54.0,Drama,PG
177993801.0,1997-01-01,4.6,17.0,Comedy,PG
177665672.0,2006-01-01,7.0,72.0,Comedy,PG
14816379.0,2006-01-01,6.5,33.0,Drama,PG-13
40098231.0,2008-01-01,4.7,17.0,Adventure,G
124715863.0,2000-01-01,6.6,52.0,Comedy,PG-13
867894287.0,2003-01-01,8.2,98.0,Adventure,G
15461638.0,2006-01-01,7.4,51.0,Drama,PG-13
225706988.0,2005-01-01,6.2,38.0,Thriller/Suspense,PG-13
129075270.0,2008-01-01,6.7,64.0,Action,PG-13
43090741.0,2007-01-01,7.5,69.0,Drama,PG-13
59675307.0,2000-01-01,5.3,21.0,Comedy,R
160822438.0,2003-01-01,6.5,88.0,Comedy,PG
68079671.0,2000-01-01,7.3,69.0,Drama,PG-13
38514517.0,2005-01-01,8.0,81.0,Action,PG-13
33526835.0,2002-01-01,5.3,25.0,Comedy,R
56298474.0,2002-01-01,7.3,76.0,Drama,R
61950770.0,2004-01-01,7.2,81.0,Drama,PG-13
33451479.0,2008-01-01,5.6,40.0,Drama,PG
28144586.0,2008-01-01,7.9,92.0,Drama,R
1661464.0,2006-01-01,6.1,19.0,Drama,R
257938649.0,1997-01-01,7.2,95.0,Comedy,R
202250000.0,2005-01-01,6.3,29.0,Comedy,PG-13
5549923.0,2006-01-01,6.2,50.0,Comedy,PG-13
48265581.0,1997-01-01,7.7,80.0,Thriller/Suspense,R
190400000.0,2002-01-01,7.4,75.0,Drama,R
20819601.0,2007-01-01,5.8,17.0,Drama,R
45312217.0,2003-01-01,5.0,45.0,Comedy,PG
1308696.0,2006-01-01,6.1,32.0,Drama,R
22441.0,2007-01-01,6.0,29.0,Romantic Comedy,R
41480851.0,2006-01-01,6.8,41.0,Drama,PG-13
68349884.0,2002-01-01,5.3,13.0,Horror,R
237702596.0,2007-01-01,5.2,26.0,Action,PG-13
26612350.0,2008-01-01,4.7,85.0,Romantic Comedy,PG-13
457683805.0,2000-01-01,8.3,77.0,Action,R
59183821.0,2007-01-01,5.6,5.0,Romantic Comedy,R
286601374.0,1999-01-01,8.4,77.0,Drama,R
149705852.0,1999-01-01,6.1,22.0,Drama,R
376000000.0,1998-01-01,4.8,25.0,Action,PG-13
225933435.0,1987-01-01,8.1,97.0,Drama,R
41300105.0,2001-01-01,7.3,86.0,Comedy,R
147914546.0,2007-01-01,6.3,27.0,Comedy,PG
90523726.0,1999-01-01,7.2,89.0,Comedy,PG
3036736.0,2007-01-01,6.2,59.0,Drama,PG-13
32381151.0,2004-01-01,7.9,86.0,Drama,R
174463257.0,1997-01-01,5.3,54.0,Comedy,PG
345141403.0,2000-01-01,5.7,53.0,Comedy,PG
185724838.0,2005-01-01,7.9,95.0,Adventure,G
68643839.0,2006-01-01,4.6,10.0,Horror,PG-13
187281115.0,2004-01-01,5.7,39.0,Horror,PG-13
250294625.0,2010-01-01,5.8,9.0,Comedy,PG-13
102115888.0,2005-01-01,5.7,43.0,Comedy,PG-13
202823091.0,2007-01-01,7.2,91.0,Musical,PG
17394881.0,1998-01-01,6.3,29.0,Comedy,R
163403799.0,2008-01-01,5.2,18.0,Thriller/Suspense,R
5963961.0,2006-01-01,7.0,48.0,Drama,R
70237389.0,2008-01-01,5.5,39.0,Comedy,PG-13
107336658.0,2004-01-01,6.6,46.0,Western,PG-13
123100486.0,2005-01-01,5.6,12.0,Thriller/Suspense,R
38283765.0,2003-01-01,5.1,30.0,Comedy,PG-13
21567853.0,1998-01-01,6.8,80.0,Drama,R
28483168.0,2001-01-01,3.2,66.0,Action,R
99823958.0,2004-01-01,6.8,81.0,Action,PG-13
43340302.0,2004-01-01,5.7,22.0,Comedy,PG-13
180188905.0,1999-01-01,4.6,17.0,Horror,PG-13
63781100.0,2002-01-01,6.1,31.0,Thriller/Suspense,PG-13
47881663.0,2000-01-01,7.6,92.0,Comedy,R
366784257.0,2005-01-01,5.7,69.0,Romantic Comedy,PG-13
99965792.0,2007-01-01,6.8,14.0,Action,R
12031443.0,2008-01-01,6.7,36.0,Comedy,R
76482461.0,2004-01-01,5.4,54.0,Comedy,PG
80583311.0,2007-01-01,6.0,15.0,Thriller/Suspense,R
465132119.0,2009-01-01,7.9,78.0,Comedy,R
51867723.0,2000-01-01,4.3,12.0,Comedy,PG-13
72383924.0,2003-01-01,7.1,77.0,Drama,PG
205190324.0,2006-01-01,6.9,47.0,Romantic Comedy,PG-13
191200000.0,2000-01-01,5.5,28.0,Horror,R
62192232.0,2003-01-01,4.6,20.0,Drama,PG-13
81529000.0,1998-01-01,5.3,23.0,Drama,PG-13
14334401.0,2007-01-01,6.5,40.0,Comedy,PG-13
108775994.0,2002-01-01,7.6,80.0,Drama,PG-13
164675402.0,2003-01-01,5.4,34.0,Comedy,PG-13
31260435.0,2001-01-01,5.5,27.0,Comedy,R
878987880.0,2002-01-01,7.2,82.0,Adventure,PG
795538952.0,2004-01-01,7.7,90.0,Adventure,PG
896013036.0,2005-01-01,7.6,88.0,Adventure,PG-13
938468864.0,2007-01-01,7.4,78.0,Adventure,PG-13
937499905.0,2009-01-01,7.3,83.0,Adventure,PG
385000317.0,2006-01-01,6.7,74.0,Adventure,PG
250700000.0,1997-01-01,6.8,84.0,Adventure,G
44102389.0,2001-01-01,4.1,38.0,Drama,PG-13
19870567.0,1998-01-01,5.6,26.0,Action,R
75383563.0,1998-01-01,6.3,71.0,Drama,PG-13
104019112.0,2005-01-01,6.6,60.0,Comedy,PG
79197493.0,2007-01-01,8.0,91.0,Comedy,R
245360480.0,2003-01-01,5.7,62.0,Action,PG-13
263349257.0,2008-01-01,7.1,66.0,Adventure,PG-13
325500000.0,1996-01-01,6.5,73.0,Adventure,G
45016494.0,2003-01-01,5.8,31.0,Action,R
170200225.0,2004-01-01,6.2,64.0,Comedy,PG-13
51107785.0,2003-01-01,5.2,30.0,Action,PG-13
383257136.0,2002-01-01,7.4,77.0,Adventure,PG
90231264.0,2003-01-01,7.3,62.0,Thriller/Suspense,R
18542974.0,1999-01-01,6.7,86.0,Comedy,PG-13
12669914.0,2006-01-01,5.8,47.0,Musical,R
26608350.0,2008-01-01,6.0,35.0,Comedy,PG
40020622.0,1998-01-01,4.1,8.0,Horror,R
125250091.0,1997-01-01,5.4,36.0,Horror,R
84276175.0,2006-01-01,7.7,74.0,Drama,PG-13
58692979.0,2009-01-01,7.1,64.0,Adventure,PG-13
16123323.0,2009-01-01,5.4,38.0,Comedy,PG
753830280.0,2010-01-01,9.1,87.0,Thriller/Suspense,PG-13
2613717.0,2006-01-01,7.1,72.0,Drama,R
58051454.0,2009-01-01,6.1,40.0,Adventure,PG
83226569.0,1997-01-01,6.1,71.0,Comedy,PG-13
185708462.0,2007-01-01,6.1,14.0,Comedy,PG-13
60265197.0,1999-01-01,8.0,96.0,Drama,R
113622499.0,2002-01-01,6.3,92.0,Thriller/Suspense,R
97387965.0,1999-01-01,3.9,21.0,Comedy,PG
34105207.0,1999-01-01,6.2,27.0,Drama,R
40147042.0,2007-01-01,6.0,19.0,Thriller/Suspense,PG-13
582604126.0,2008-01-01,7.9,94.0,Action,PG-13
31333917.0,1999-01-01,7.9,97.0,Adventure,PG
33561137.0,2002-01-01,5.3,15.0,Action,PG-13
175826012.0,2003-01-01,6.9,73.0,Adventure,PG-13
13205411.0,2007-01-01,5.5,19.0,Romantic Comedy,R
34645374.0,1998-01-01,4.6,15.0,Comedy,PG
72673162.0,1997-01-01,7.6,85.0,Drama,R
159356941.0,1997-01-01,6.0,12.0,Thriller/Suspense,R
96947540.0,2005-01-01,7.2,61.0,Drama,R
361730660.0,1999-01-01,6.3,51.0,Action,PG-13
431942139.0,2002-01-01,6.0,59.0,Action,PG-13
596365000.0,2006-01-01,8.0,94.0,Action,PG-13
30987695.0,2001-01-01,5.4,11.0,Comedy,PG-13
55026845.0,2001-01-01,5.7,45.0,Horror,R
160323929.0,2003-01-01,5.8,33.0,Comedy,PG
15001776.0,2007-01-01,7.7,75.0,Western,R
31462753.0,2004-01-01,3.8,6.0,Comedy,PG-13
37066129.0,2004-01-01,6.2,40.0,Comedy,PG-13
135703599.0,2003-01-01,5.2,19.0,Adventure,G
24515990.0,2001-01-01,5.3,19.0,Comedy,PG
10547117.0,2010-01-01,4.3,13.0,Action,PG-13
102226631.0,2002-01-01,6.6,22.0,Drama,PG-13
274000000.0,1996-01-01,7.2,84.0,Romantic Comedy,R
33762400.0,2001-01-01,6.8,53.0,Comedy,R
230327671.0,2007-01-01,7.9,93.0,Comedy,PG-13
56127162.0,2003-01-01,5.1,20.0,Romantic Comedy,PG-13
114326122.0,2003-01-01,5.8,41.0,Horror,R
65716126.0,2002-01-01,6.5,61.0,Action,PG-13
38236338.0,2000-01-01,6.2,86.0,Concert/Performance,R
36833473.0,2001-01-01,6.3,51.0,Action,R
350591618.0,2010-01-01,6.1,67.0,Adventure,PG
180098138.0,2003-01-01,8.2,85.0,Action,R
60527873.0,1997-01-01,6.4,32.0,Thriller/Suspense,R
550517357.0,2005-01-01,7.6,83.0,Adventure,PG-13
218994109.0,2007-01-01,7.5,90.0,Romantic Comedy,R
86509602.0,2007-01-01,7.1,51.0,Action,R
33422806.0,2001-01-01,4.3,13.0,Comedy,PG-13
187858642.0,2009-01-01,6.4,32.0,Thriller/Suspense,PG-13
50315140.0,2001-01-01,7.3,40.0,Drama,PG-13
96501902.0,2004-01-01,4.7,5.0,Comedy,PG
56083966.0,2001-01-01,6.6,58.0,Adventure,PG-13
73222245.0,2007-01-01,7.8,66.0,Drama,PG-13
110604977.0,1997-01-01,8.4,99.0,Drama,R
113190972.0,2009-01-01,7.2,25.0,Thriller/Suspense,R
102332848.0,2004-01-01,6.5,40.0,Action,PG-13
77692139.0,2004-01-01,6.2,54.0,Comedy,R
44263506.0,2008-01-01,6.3,46.0,Thriller/Suspense,PG-13
69548641.0,2009-01-01,5.3,26.0,Comedy,PG-13
66790248.0,2002-01-01,6.5,77.0,Thriller/Suspense,R
10553442.0,2007-01-01,7.5,81.0,Comedy,PG-13
14763019.0,2006-01-01,7.8,79.0,Drama,R
131638276.0,2001-01-01,5.9,53.0,Drama,PG-13
585055701.0,2007-01-01,7.1,69.0,Horror,PG-13
68756082.0,2006-01-01,8.1,91.0,Drama,R
73956241.0,1999-01-01,7.4,83.0,Drama,R
302710615.0,1997-01-01,6.7,82.0,Comedy,PG-13
34806726.0,2004-01-01,7.2,53.0,Comedy,R
73521587.0,1999-01-01,5.3,50.0,Comedy,R
62432423.0,2002-01-01,4.4,56.0,Comedy,PG
55534455.0,2003-01-01,4.7,40.0,Comedy,PG
48363516.0,2006-01-01,7.8,87.0,Drama,R
100523181.0,2006-01-01,8.0,91.0,Comedy,R
14140402.0,2007-01-01,6.7,44.0,Comedy,PG-13
63211088.0,2007-01-01,6.2,27.0,Drama,R
177079973.0,2003-01-01,6.1,43.0,Romantic Comedy,PG-13
136117629.0,1998-01-01,4.8,26.0,Adventure,PG-13
27709625.0,2000-01-01,6.7,81.0,Drama,PG-13
21439015.0,2007-01-01,5.4,17.0,Action,PG-13
456810575.0,2003-01-01,7.8,65.0,Action,R
75850384.0,2010-01-01,3.9,19.0,Drama,PG
106454000.0,2003-01-01,7.9,94.0,Drama,R
70799818.0,2007-01-01,5.1,7.0,Romantic Comedy,PG
285400000.0,1998-01-01,6.4,54.0,Action,R
266967.0,2008-01-01,7.1,36.0,Drama,R
6521829.0,2007-01-01,5.9,28.0,Drama,PG-13
247967903.0,2003-01-01,7.9,63.0,Romantic Comedy,R
144110682.0,2005-01-01,4.7,42.0,Comedy,G
46112640.0,1999-01-01,6.2,64.0,Drama,PG-13
134904.0,2010-01-01,5.6,13.0,Drama,R
190320568.0,2005-01-01,6.2,31.0,Comedy,PG-13
532680671.0,2005-01-01,6.6,55.0,Adventure,PG
180449670.0,2009-01-01,5.3,35.0,Comedy,PG
44114828.0,2003-01-01,5.7,11.0,Action,R
118706816.0,2004-01-01,7.7,38.0,Thriller/Suspense,R
47407635.0,1999-01-01,7.4,62.0,Drama,R
22165608.0,2006-01-01,4.5,20.0,Action,PG-13
17290120.0,2005-01-01,6.9,76.0,Thriller/Suspense,R
460279930.0,1999-01-01,8.7,86.0,Action,R
368744044.0,2002-01-01,6.6,75.0,Romantic Comedy,PG
34787111.0,2008-01-01,5.8,15.0,Comedy,R
96148711.0,2004-01-01,6.7,81.0,Thriller/Suspense,R
53864342.0,1999-01-01,5.7,44.0,Comedy,PG-13
209486484.0,2003-01-01,7.5,85.0,Adventure,PG-13
122540909.0,2006-01-01,6.7,73.0,Comedy,PG
216763646.0,2004-01-01,8.2,91.0,Drama,PG-13
128947227.0,2004-01-01,7.0,83.0,Comedy,PG-13
149270999.0,2000-01-01,6.9,48.0,Romantic Comedy,R
161510853.0,2005-01-01,7.1,36.0,Drama,PG-13
587790539.0,1997-01-01,7.0,91.0,Adventure,PG-13
82339483.0,2000-01-01,6.8,41.0,Drama,R
32983332.0,1998-01-01,5.8,17.0,Thriller/Suspense,R
52880016.0,1999-01-01,5.6,31.0,Drama,PG-13
44650003.0,1998-01-01,6.9,50.0,Drama,PG-13
48446802.0,1999-01-01,8.0,83.0,Drama,R
67348218.0,2009-01-01,6.4,53.0,Black Comedy,R
212100000.0,2000-01-01,6.1,41.0,Comedy,PG-13
38253433.0,2003-01-01,7.4,59.0,Western,R
50632037.0,1998-01-01,5.4,52.0,Adventure,PG
37306334.0,2001-01-01,6.8,41.0,Drama,PG
34499204.0,2003-01-01,4.8,30.0,Comedy,PG-13
106000000.0,2000-01-01,5.1,24.0,Adventure,PG
62097495.0,2001-01-01,5.7,29.0,Drama,R
25078937.0,1997-01-01,6.5,50.0,Drama,R
56968169.0,1998-01-01,7.2,31.0,Adventure,PG-13
155931301.0,2005-01-01,5.1,16.0,Comedy,PG-13
121598309.0,2003-01-01,6.1,35.0,Drama,PG-13
44873922.0,2001-01-01,7.2,85.0,Drama,R
58003694.0,2003-01-01,7.4,82.0,Drama,R
526864330.0,2001-01-01,7.4,95.0,Adventure,G
41076865.0,1997-01-01,5.7,17.0,Action,R
54639865.0,2002-01-01,6.5,52.0,Thriller/Suspense,PG-13
1190003.0,2009-01-01,7.1,84.0,Drama,PG-13
516567575.0,2004-01-01,6.4,38.0,Comedy,PG-13
301500000.0,2000-01-01,7.0,84.0,Comedy,PG-13
358824714.0,2002-01-01,7.7,91.0,Action,PG-13
51327406.0,1997-01-01,3.2,7.0,Action,PG-13
35025861.0,2006-01-01,7.1,66.0,Drama,PG
18932117.0,2007-01-01,6.7,78.0,Drama,R
738576929.0,2003-01-01,7.1,73.0,Action,R
424259759.0,2003-01-01,6.5,37.0,Action,R
303500000.0,1998-01-01,7.2,86.0,Adventure,G
416385488.0,1999-01-01,6.8,54.0,Adventure,PG-13
433007640.0,2001-01-01,6.2,47.0,Adventure,PG-13
397912118.0,2008-01-01,5.1,13.0,Adventure,PG-13
16304786.0,1999-01-01,6.1,62.0,Comedy,G
56643267.0,2002-01-01,5.9,31.0,Thriller/Suspense,R
574480841.0,2006-01-01,6.4,43.0,Comedy,PG
27053815.0,2001-01-01,4.4,10.0,Adventure,PG-13
145556146.0,2007-01-01,6.6,63.0,Romantic Comedy,PG-13
163818556.0,2006-01-01,6.0,47.0,Action,R
381687380.0,2009-01-01,6.8,72.0,Adventure,PG
147808615.0,2001-01-01,5.9,55.0,Action,R
287200000.0,1997-01-01,6.2,72.0,Comedy,PG-13
35512760.0,2000-01-01,6.9,72.0,Drama,PG
36850101.0,1999-01-01,4.5,13.0,Comedy,PG
22331846.0,1996-01-01,6.3,50.0,Comedy,PG-13
89053995.0,2009-01-01,7.4,48.0,Drama,PG-13
156835191.0,2003-01-01,8.0,87.0,Drama,R
347405002.0,2004-01-01,6.9,44.0,Adventure,PG
46432264.0,2006-01-01,6.6,37.0,Drama,PG
41982227.0,2005-01-01,5.7,21.0,Adventure,PG-13
632882184.0,2004-01-01,8.1,97.0,Adventure,PG
49105766.0,1998-01-01,7.2,81.0,Action,R
28972187.0,2002-01-01,5.4,7.0,Comedy,PG-13
63489752.0,2004-01-01,6.8,84.0,Comedy,PG-13
363728226.0,1999-01-01,6.9,82.0,Romantic Comedy,PG-13
58270391.0,2000-01-01,5.0,21.0,Comedy,PG-13
31487293.0,2008-01-01,6.8,73.0,Drama,PG-13
92107979.0,2007-01-01,6.3,40.0,Romantic Comedy,PG
102276787.0,2004-01-01,8.0,52.0,Drama,PG-13
46140956.0,2004-01-01,6.9,70.0,Comedy,PG
121327628.0,2003-01-01,6.4,75.0,Romantic Comedy,PG-13
163954076.0,2005-01-01,6.5,58.0,Thriller/Suspense,PG-13
76593167.0,2007-01-01,6.2,8.0,Thriller/Suspense,R
27732366.0,2000-01-01,6.4,84.0,Black Comedy,R
118676606.0,2004-01-01,7.9,82.0,Drama,PG
53813837.0,2007-01-01,8.2,82.0,Drama,R
29145924.0,1998-01-01,5.9,50.0,Romantic Comedy,R
43308707.0,2002-01-01,6.1,47.0,Comedy,PG-13
450728529.0,2001-01-01,7.6,81.0,Comedy,PG-13
363531634.0,2004-01-01,6.0,55.0,Adventure,PG-13
311744465.0,2007-01-01,6.9,70.0,Adventure,PG-13
100230832.0,1999-01-01,6.6,49.0,Drama,R
52223306.0,2002-01-01,7.0,81.0,Drama,R
26708196.0,1998-01-01,6.9,88.0,Drama,R
13395961.0,2006-01-01,6.0,16.0,Drama,PG
189901703.0,2006-01-01,6.0,47.0,Adventure,PG
68293719.0,2003-01-01,7.5,79.0,Western,R
86325829.0,2003-01-01,7.0,60.0,Comedy,R
37562568.0,1998-01-01,7.1,93.0,Drama,R
55489826.0,2003-01-01,4.9,65.0,Thriller/Suspense,PG-13
28544120.0,1999-01-01,4.9,24.0,Comedy,PG-13
198006880.0,2005-01-01,5.3,20.0,Comedy,PG
611899420.0,2004-01-01,7.1,50.0,Drama,R
202200000.0,1998-01-01,6.3,24.0,Comedy,PG-13
161626121.0,1999-01-01,5.8,51.0,Action,R
89350576.0,2003-01-01,6.1,28.0,Thriller/Suspense,PG-13
165334774.0,2001-01-01,5.9,46.0,Comedy,G
62967368.0,1997-01-01,5.8,45.0,Action,R
95255485.0,2003-01-01,7.1,76.0,Adventure,PG
158225796.0,2004-01-01,7.2,33.0,Musical,PG-13
97837138.0,2003-01-01,7.2,71.0,Thriller/Suspense,R
1065659812.0,2006-01-01,7.3,54.0,Adventure,PG-13
960996492.0,2007-01-01,7.0,45.0,Adventure,PG-13
107212751.0,2004-01-01,6.4,29.0,Adventure,PG-13
53182088.0,2000-01-01,7.0,55.0,Horror,R
31770413.0,1999-01-01,5.3,38.0,Thriller/Suspense,R
77090007.0,2010-01-01,4.4,20.0,Romantic Comedy,PG-13
62761005.0,2000-01-01,6.1,39.0,Action,R
362211740.0,2001-01-01,5.5,44.0,Adventure,PG-13
23047939.0,1998-01-01,4.8,27.0,Drama,R
193770453.0,2009-01-01,6.7,82.0,Horror,R
54664370.0,2004-01-01,6.4,30.0,Action,R
305420597.0,2004-01-01,6.7,56.0,Adventure,G
170360435.0,2004-01-01,5.8,26.0,Romantic Comedy,PG-13
68336997.0,1998-01-01,5.5,21.0,Comedy,PG-13
39017984.0,1998-01-01,6.7,80.0,Comedy,R
43440721.0,2008-01-01,6.7,34.0,Drama,R
124549380.0,2010-01-01,6.9,63.0,Action,R
132180323.0,2006-01-01,7.5,58.0,Drama,R
306086036.0,2006-01-01,7.8,66.0,Drama,PG-13
449239855.0,2001-01-01,5.4,26.0,Action,PG-13
218600000.0,1998-01-01,6.8,79.0,Adventure,PG
57109687.0,2008-01-01,5.1,8.0,Horror,PG-13
196308367.0,2002-01-01,6.9,76.0,Thriller/Suspense,R
317358031.0,2009-01-01,5.4,43.0,Romantic Comedy,PG-13
107896006.0,2006-01-01,8.4,75.0,Thriller/Suspense,PG-13
17650704.0,1997-01-01,5.5,10.0,Action,R
37226218.0,1998-01-01,4.5,35.0,Horror,R
215300000.0,2000-01-01,6.9,62.0,Drama,R
8199130.0,2008-01-01,6.1,26.0,Action,R
44411527.0,2009-01-01,6.0,23.0,Thriller/Suspense,PG-13
15118795.0,2006-01-01,7.6,74.0,Drama,PG-13
33508922.0,2000-01-01,6.8,40.0,Drama,PG-13
30307804.0,2002-01-01,4.7,17.0,Horror,R
122840603.0,2006-01-01,7.6,97.0,Drama,PG-13
38172500.0,1998-01-01,5.0,33.0,Adventure,G
53293628.0,2003-01-01,6.9,35.0,Drama,PG
45916769.0,1997-01-01,6.9,84.0,Drama,PG-13
63200000.0,1999-01-01,4.8,15.0,Drama,R
55443032.0,2003-01-01,5.0,40.0,Adventure,PG
620495432.0,2007-01-01,8.1,96.0,Comedy,G
310885538.0,2010-01-01,6.9,43.0,Action,PG-13
260700012.0,2005-01-01,6.4,64.0,Adventure,PG
308007919.0,1999-01-01,5.2,45.0,Romantic Comedy,PG
93772522.0,2005-01-01,5.2,35.0,Comedy,PG
155720088.0,2006-01-01,7.4,76.0,Drama,PG
65700000.0,2000-01-01,6.4,49.0,Adventure,PG
206455420.0,2002-01-01,7.3,68.0,Thriller/Suspense,R
106107610.0,2008-01-01,7.7,61.0,Drama,R
62226214.0,2007-01-01,5.6,8.0,Horror,R
44451470.0,2001-01-01,6.2,62.0,Comedy,G
65388.0,2007-01-01,6.1,44.0,Drama,R
20081987.0,2007-01-01,7.7,63.0,Drama,R
33956608.0,1997-01-01,5.4,32.0,Horror,R
13136074.0,2008-01-01,7.8,69.0,Documentary,R
50054511.0,2000-01-01,6.2,39.0,Comedy,PG-13
19035741.0,1998-01-01,5.9,39.0,Action,R
146162920.0,2007-01-01,6.2,22.0,Action,R
103787401.0,2002-01-01,6.4,34.0,Horror,R
32662299.0,2000-01-01,6.6,61.0,Romantic Comedy,PG
82150183.0,2002-01-01,5.9,40.0,Action,PG-13
13326280.0,2008-01-01,6.9,86.0,Drama,R
140894685.0,1998-01-01,5.4,57.0,Adventure,G
29781453.0,2001-01-01,6.2,48.0,Drama,PG-13
161941727.0,2005-01-01,5.1,20.0,Horror,PG-13
35129610.0,2000-01-01,4.1,42.0,Comedy,PG
20342161.0,2007-01-01,5.8,35.0,Comedy,R
22921898.0,1998-01-01,7.3,64.0,Drama,R
20437142.0,2007-01-01,6.9,46.0,Thriller/Suspense,R
8767338.0,2008-01-01,6.3,40.0,Comedy,PG-13
80693537.0,2002-01-01,5.5,82.0,Drama,G
91036760.0,2000-01-01,5.9,33.0,Action,R
41610884.0,1998-01-01,7.2,68.0,Action,R
86607223.0,2001-01-01,6.4,43.0,Comedy,PG-13
136706683.0,2000-01-01,7.5,72.0,Drama,PG
76781410.0,2008-01-01,6.0,20.0,Thriller/Suspense,R
119739110.0,2000-01-01,6.4,59.0,Comedy,R
71719931.0,2000-01-01,6.2,37.0,Thriller/Suspense,R
7213629.0,2006-01-01,6.0,30.0,Comedy,R
347425832.0,2001-01-01,6.4,51.0,Action,PG-13
253025968.0,2007-01-01,6.0,19.0,Action,PG-13
245300000.0,1998-01-01,6.8,60.0,Action,PG-13
19080435.0,1998-01-01,7.8,87.0,Black Comedy,R
121671925.0,2005-01-01,5.9,39.0,Adventure,PG-13
169400000.0,1997-01-01,5.9,30.0,Action,PG-13
40270895.0,2001-01-01,7.4,34.0,Drama,PG-13
103096345.0,2004-01-01,7.7,48.0,Horror,R
152925093.0,2005-01-01,6.8,36.0,Horror,R
163876815.0,2006-01-01,6.3,25.0,Horror,R
61259697.0,2009-01-01,6.2,42.0,Horror,R
148336445.0,2003-01-01,7.4,77.0,Drama,PG-13
141189101.0,2001-01-01,4.7,14.0,Comedy,R
155200000.0,2003-01-01,5.4,37.0,Comedy,PG-13
276294164.0,2002-01-01,4.7,28.0,Comedy,PG
105823486.0,2002-01-01,7.3,85.0,Drama,R
17807569.0,2006-01-01,6.0,26.0,Comedy,PG-13
113542091.0,2001-01-01,6.8,74.0,Thriller/Suspense,R
173046663.0,1996-01-01,2.9,81.0,Horror,R
101363301.0,1997-01-01,5.9,80.0,Horror,R
161838076.0,2000-01-01,5.3,38.0,Horror,R
164529000.0,2002-01-01,5.3,40.0,Action,PG-13
135556675.0,2007-01-01,7.9,76.0,Adventure,PG-13
35450113.0,1997-01-01,6.3,63.0,Drama,PG
901857.0,2007-01-01,5.5,13.0,Western,R
48066497.0,2004-01-01,2.6,16.0,Drama,PG-13
131445884.0,1997-01-01,6.7,59.0,Drama,PG-13
147080413.0,2001-01-01,6.3,25.0,Action,R
266685242.0,2003-01-01,6.8,70.0,Romantic Comedy,PG-13
107190108.0,2000-01-01,5.9,68.0,Action,R
277200000.0,2000-01-01,6.0,53.0,Comedy,R
63465522.0,1999-01-01,5.4,38.0,Romantic Comedy,PG-13
70836296.0,2001-01-01,6.0,50.0,Romantic Comedy,PG-13
279500000.0,1998-01-01,7.4,93.0,Romantic Comedy,R
1134358.0,2007-01-01,8.0,94.0,Documentary,PG
95203582.0,2007-01-01,7.2,48.0,Thriller/Suspense,R
484399218.0,2001-01-01,8.0,89.0,Adventure,PG
919838758.0,2004-01-01,7.5,89.0,Adventure,PG
798958162.0,2007-01-01,6.1,41.0,Adventure,PG
367275019.0,2004-01-01,5.9,35.0,Adventure,PG
78948765.0,2002-01-01,5.3,24.0,Comedy,PG-13
408265690.0,2002-01-01,6.9,74.0,Thriller/Suspense,PG-13
18253415.0,1998-01-01,6.7,44.0,Drama,PG
527071022.0,2007-01-01,7.6,89.0,Comedy,PG-13
158753820.0,2005-01-01,8.3,77.0,Action,R
672806292.0,1999-01-01,8.2,85.0,Thriller/Suspense,PG-13
35007180.0,2000-01-01,5.3,8.0,Thriller/Suspense,PG-13
81627454.0,2005-01-01,6.6,73.0,Adventure,PG
207068340.0,1999-01-01,7.5,68.0,Horror,R
39612166.0,2008-01-01,7.0,57.0,Drama,PG-13
350100280.0,2001-01-01,6.4,39.0,Horror,R
1237615.0,2007-01-01,5.9,12.0,Thriller/Suspense,R
365257315.0,2008-01-01,8.3,94.0,Drama,R
71743823.0,1998-01-01,5.9,46.0,Comedy,PG-13
56047261.0,2007-01-01,6.6,28.0,Comedy,R
38684906.0,2001-01-01,5.8,41.0,Romantic Comedy,PG-13
360099999.0,1998-01-01,7.2,83.0,Romantic Comedy,R
103891409.0,1998-01-01,5.8,41.0,Thriller/Suspense,R
62020814.0,2006-01-01,6.0,68.0,Thriller/Suspense,R
201627117.0,2004-01-01,6.9,71.0,Comedy,PG
60470220.0,2003-01-01,6.2,66.0,Adventure,PG-13
71189835.0,2000-01-01,6.6,78.0,Western,PG-13
115010692.0,2002-01-01,4.9,23.0,Comedy,PG
32030610.0,2007-01-01,7.3,74.0,Thriller/Suspense,R
62452927.0,2000-01-01,4.4,26.0,Comedy,PG
200092818.0,2010-01-01,6.4,42.0,Adventure,PG
43492389.0,1997-01-01,6.4,80.0,Comedy,R
250200000.0,1996-01-01,5.6,36.0,Comedy,PG
54344321.0,2004-01-01,6.7,52.0,Comedy,PG-13
87949859.0,1997-01-01,4.8,20.0,Action,PG-13
169863226.0,2007-01-01,7.8,87.0,Comedy,R
128874043.0,2000-01-01,6.3,79.0,Adventure,PG-13
50168294.0,1998-01-01,5.6,12.0,Horror,PG-13
783705001.0,2004-01-01,7.7,93.0,Adventure,PG-13
890871626.0,2007-01-01,6.4,63.0,Adventure,PG-13
821708551.0,2002-01-01,7.4,89.0,Adventure,PG-13
43149143.0,2010-01-01,8.1,81.0,Comedy,PG-13
43057552.0,2001-01-01,4.9,24.0,Comedy,PG
391120000.0,2006-01-01,6.6,76.0,Adventure,PG-13
143049560.0,2001-01-01,6.9,65.0,Action,R
197692062.0,2001-01-01,5.7,93.0,Adventure,PG
75294136.0,2001-01-01,6.6,58.0,Romantic Comedy,PG-13
30628981.0,1999-01-01,6.0,33.0,Comedy,PG-13
121100000.0,1997-01-01,7.1,60.0,Action,R
23187506.0,2006-01-01,4.5,9.0,Horror,PG-13
37672944.0,1998-01-01,5.1,49.0,Drama,R
96221971.0,2004-01-01,5.1,26.0,Comedy,PG-13
119709917.0,1998-01-01,6.2,43.0,Drama,PG-13
76356221.0,2007-01-01,4.3,26.0,Drama,PG-13
45235190.0,2006-01-01,7.8,72.0,Comedy,PG-13
30399714.0,2006-01-01,5.9,31.0,Comedy,PG-13
89441732.0,1999-01-01,6.0,22.0,Horror,R
298800000.0,1999-01-01,5.8,65.0,Comedy,PG
166000000.0,2002-01-01,5.6,83.0,Comedy,PG
328711434.0,2000-01-01,6.2,47.0,Drama,PG-13
27100030.0,1999-01-01,5.6,28.0,Romantic Comedy,R
91445389.0,2009-01-01,7.3,84.0,Thriller/Suspense,PG-13
44154645.0,2008-01-01,6.2,64.0,Adventure,PG-13
115328121.0,2006-01-01,6.1,19.0,Drama,PG-13
80597610.0,2008-01-01,6.0,44.0,Thriller/Suspense,R
63537164.0,2003-01-01,5.9,60.0,Comedy,PG-13
193500000.0,2002-01-01,6.3,59.0,Action,PG-13
145395745.0,2007-01-01,7.0,77.0,Adventure,PG
119668350.0,2009-01-01,6.3,39.0,Action,PG-13
19288130.0,1999-01-01,6.5,50.0,Drama,R
481635085.0,1998-01-01,8.5,91.0,Drama,R
198100000.0,2003-01-01,5.9,48.0,Action,PG-13
109705641.0,2004-01-01,7.8,97.0,Drama,R
92958031.0,2004-01-01,6.5,46.0,Thriller/Suspense,PG-13
28563926.0,2002-01-01,4.6,15.0,Drama,PG-13
65754228.0,2001-01-01,6.0,16.0,Drama,PG-13
12778631.0,2007-01-01,6.2,37.0,Comedy,PG-13
68161554.0,2008-01-01,5.4,19.0,Adventure,PG
164800000.0,1998-01-01,4.7,37.0,Romantic Comedy,PG-13
95024620.0,2005-01-01,7.1,72.0,Thriller/Suspense,R
81292135.0,1999-01-01,7.2,82.0,Drama,R
34572780.0,1999-01-01,6.1,71.0,Romantic Comedy,R
49778552.0,2007-01-01,5.4,55.0,Drama,PG-13
74132631.0,2003-01-01,5.3,42.0,Action,PG-13
124304264.0,1999-01-01,6.7,67.0,Drama,R
4054204.0,2009-01-01,7.5,94.0,Drama,R
88717945.0,2008-01-01,6.1,55.0,Adventure,G
14395874.0,1999-01-01,6.7,67.0,Drama,PG
85632458.0,2003-01-01,6.4,34.0,Action,R
62401343.0,2001-01-01,5.5,28.0,Comedy,R
136934139.0,2007-01-01,7.4,85.0,Drama,PG
708272592.0,2007-01-01,7.3,57.0,Action,PG-13
836303693.0,2009-01-01,6.0,20.0,Action,PG-13
39778599.0,2000-01-01,4.5,19.0,Drama,R
37048526.0,2005-01-01,3.3,5.0,Horror,PG-13
36400491.0,1998-01-01,7.5,78.0,Drama,R
66554547.0,2000-01-01,7.3,82.0,Drama,PG-13
69688384.0,2000-01-01,5.9,49.0,Comedy,PG
40846082.0,1999-01-01,5.2,25.0,Horror,R
43905746.0,2001-01-01,5.6,13.0,Action,PG-13
61698899.0,1999-01-01,6.3,33.0,Action,R
50586000.0,2002-01-01,5.0,22.0,Action,PG-13
55159800.0,2000-01-01,6.0,61.0,Adventure,G
36751979.0,2000-01-01,6.4,51.0,Adventure,PG
1842879955.0,1997-01-01,7.4,82.0,Thriller/Suspense,PG-13
179265204.0,2003-01-01,5.5,17.0,Adventure,PG-13
98983590.0,2002-01-01,5.6,28.0,Adventure,PG-13
54777490.0,2007-01-01,7.4,73.0,Horror,R
339504276.0,1997-01-01,6.4,55.0,Action,PG-13
71430876.0,2001-01-01,7.6,79.0,Black Comedy,R
544272402.0,2004-01-01,6.3,46.0,Adventure,PG-13
209947037.0,2001-01-01,7.8,84.0,Horror,PG-13
33180607.0,2010-01-01,8.7,84.0,Drama,R
484966906.0,1999-01-01,8.0,100.0,Adventure,G
1046340665.0,2010-01-01,8.9,99.0,Adventure,G
91800000.0,2002-01-01,6.6,69.0,Adventure,PG
208300000.0,2000-01-01,7.8,91.0,Drama,R
104505362.0,2001-01-01,7.6,72.0,Drama,R
27664173.0,2008-01-01,7.1,61.0,Thriller/Suspense,PG-13
249094024.0,2002-01-01,5.5,71.0,Horror,PG-13
218673959.0,2004-01-01,7.1,60.0,Drama,PG-13
43928932.0,2002-01-01,6.6,53.0,Action,PG-13
188163455.0,2008-01-01,7.2,83.0,Comedy,R
497398577.0,2004-01-01,7.0,54.0,Action,R
267200000.0,2002-01-01,5.5,48.0,Action,PG-13
248400000.0,1998-01-01,8.0,95.0,Drama,PG
448191819.0,1999-01-01,6.9,88.0,Adventure,G
40119848.0,2004-01-01,4.8,2.0,Thriller/Suspense,R
396439854.0,2008-01-01,6.1,50.0,Drama,PG-13
107071655.0,2003-01-01,6.1,36.0,Horror,R
127630030.0,2000-01-01,6.4,68.0,Action,PG-13
38230435.0,2002-01-01,5.7,76.0,Comedy,PG-13
248099143.0,2000-01-01,7.3,68.0,Thriller/Suspense,PG-13
95708457.0,2003-01-01,6.7,30.0,Action,R
119114494.0,2002-01-01,6.6,48.0,Drama,R
3080493.0,2006-01-01,6.6,39.0,Thriller/Suspense,Not Rated
731304609.0,2009-01-01,8.4,98.0,Adventure,PG
72571864.0,1998-01-01,5.2,21.0,Horror,R
38574362.0,2000-01-01,3.7,9.0,Horror,R
198686497.0,2008-01-01,7.3,61.0,Thriller/Suspense,PG-13
20384136.0,2001-01-01,4.3,9.0,Horror,R
39235486.0,2000-01-01,6.4,43.0,Drama,PG-13
24489150.0,2007-01-01,7.4,73.0,Drama,R
300150546.0,2004-01-01,5.5,22.0,Action,PG-13
260197520.0,2004-01-01,6.6,42.0,Thriller/Suspense,PG-13
213500000.0,2000-01-01,5.6,47.0,Action,PG-13
20268825.0,1998-01-01,6.8,33.0,Horror,R
202726605.0,2001-01-01,6.9,39.0,Thriller/Suspense,R
59431365.0,2000-01-01,3.3,24.0,Comedy,PG
54294169.0,1999-01-01,6.0,39.0,Drama,R
64252038.0,1997-01-01,7.0,84.0,Drama,R
532743103.0,2008-01-01,8.5,96.0,Comedy,G
5951693.0,2010-01-01,8.2,95.0,Drama,R
33422485.0,2000-01-01,7.5,81.0,Comedy,R
111448997.0,2004-01-01,5.0,15.0,Comedy,PG-13
94728529.0,2001-01-01,4.8,16.0,Romantic Comedy,PG-13
10061080.0,2009-01-01,6.8,48.0,Drama,R
54700285.0,2007-01-01,7.0,56.0,Drama,R
114658262.0,2002-01-01,6.9,62.0,Drama,R
35990505.0,2003-01-01,5.7,34.0,Comedy,PG
40862054.0,2000-01-01,6.4,34.0,Drama,PG-13
43607627.0,2008-01-01,4.5,23.0,Comedy,PG-13
71485043.0,1998-01-01,6.6,55.0,Drama,PG-13
2814566.0,2005-01-01,6.5,51.0,Drama,PG-13
99123656.0,2009-01-01,7.2,73.0,Adventure,PG
55576699.0,1998-01-01,6.6,64.0,Thriller/Suspense,R
77628265.0,2002-01-01,5.8,32.0,Action,R
288693989.0,2000-01-01,6.5,45.0,Thriller/Suspense,PG-13
184319402.0,2005-01-01,7.9,82.0,Drama,PG-13
46060915.0,2002-01-01,7.1,28.0,Drama,PG
222105681.0,1999-01-01,4.3,21.0,Adventure,PG-13
340934768.0,2008-01-01,6.4,71.0,Action,R
50042410.0,2008-01-01,7.9,13.0,Comedy,PG-13
25059640.0,1999-01-01,6.1,61.0,Comedy,R
65121280.0,2004-01-01,5.7,15.0,Comedy,PG-13
38462071.0,2001-01-01,5.0,10.0,Comedy,PG-13
43236603.0,2008-01-01,8.2,98.0,Drama,R
47313824.0,2004-01-01,6.0,25.0,Action,PG-13
47267829.0,2000-01-01,3.7,10.0,Thriller/Suspense,R
49730854.0,2004-01-01,6.3,72.0,Adventure,PG
190191646.0,1998-01-01,5.7,32.0,Comedy,PG-13
372100000.0,2000-01-01,6.3,53.0,Romantic Comedy,PG-13
334627820.0,2000-01-01,7.4,82.0,Action,PG-13
57604723.0,2009-01-01,5.0,14.0,Comedy,PG-13
225990976.0,2008-01-01,7.0,43.0,Comedy,PG-13
2426851.0,2007-01-01,6.7,78.0,Black Comedy,R
250800000.0,1998-01-01,6.2,68.0,Drama,PG
60780981.0,2001-01-01,6.4,62.0,Comedy,PG-13
98690286.0,2009-01-01,7.8,89.0,Comedy,R
36851125.0,2008-01-01,7.0,65.0,Comedy,R
141475336.0,2005-01-01,5.7,26.0,Adventure,PG
233700000.0,1998-01-01,6.7,82.0,Adventure,PG-13
